{
"type": "FeatureCollection",
"name": "texas_county",
"features": [
{ "type": "Feature", "properties": { "statefp": "48", "countyfp": "421", "countyns": "01383996", "affgeoid": "0500000US48421", "geoid": "48421", "name": "Sherman", "lsad": "06", "aland": "2390651189", "awater": "428754" }, "geometry": { "type": "Polygon", "coordinates": [ [ [ -102.162463, 36.500326 ], [ -102.032339018963, 36.500065673010099 ], [ -101.826565, 36.499654 ], [ -101.623915, 36.499528 ], [ -101.623466, 36.055405 ], [ -102.163015, 36.055249 ], [ -102.162463, 36.500326 ] ] ] } },
{ "type": "Feature", "properties": { "statefp": "48", "countyfp": "493", "countyns": "01384032", "affgeoid": "0500000US48493", "geoid": "48493", "name": "Wilson", "lsad": "06", "aland": "2081662847", "awater": "12111367" }, "geometry": { "type": "Polygon", "coordinates": [ [ [ -98.407336, 29.114435 ], [ -98.134171, 29.441751 ], [ -98.113175, 29.365667 ], [ -97.956081, 29.378436 ], [ -97.840383, 29.376791 ], [ -97.858782, 29.35289 ], [ -97.728443, 29.221748 ], [ -97.995302, 29.026104 ], [ -98.190991, 28.882333 ], [ -98.407336, 29.114435 ] ] ] } },
{ "type": "Feature", "properties": { "statefp": "48", "countyfp": "115", "countyns": "01383843", "affgeoid": "0500000US48115", "geoid": "48115", "name": "Dawson", "lsad": "06", "aland": "2331781556", "awater": "4720730" }, "geometry": { "type": "Polygon", "coordinates": [ [ [ -102.20852, 32.958956 ], [ -102.076214, 32.959702 ], [ -101.691284, 32.961838 ], [ -101.68874, 32.525222 ], [ -102.202703, 32.523271 ], [ -102.20852, 32.958956 ] ] ] } },
{ "type": "Feature", "properties": { "statefp": "48", "countyfp": "069", "countyns": "01383820", "affgeoid": "0500000US48069", "geoid": "48069", "name": "Castro", "lsad": "06", "aland": "2316573415", "awater": "12584396" }, "geometry": { "type": "Polygon", "coordinates": [ [ [ -102.525184, 34.746931 ], [ -102.168839, 34.747417 ], [ -101.998493, 34.74819 ], [ -101.99802, 34.313039 ], [ -102.090415, 34.313132 ], [ -102.525631, 34.313034 ], [ -102.525184, 34.746931 ] ] ] } },
{ "type": "Feature", "properties": { "statefp": "48", "countyfp": "279", "countyns": "01383926", "affgeoid": "0500000US48279", "geoid": "48279", "name": "Lamb", "lsad": "06", "aland": "2631897577", "awater": "3973764" }, "geometry": { "type": "Polygon", "coordinates": [ [ [ -102.61515, 34.312891 ], [ -102.525631, 34.313034 ], [ -102.090415, 34.313132 ], [ -102.085733, 33.824675 ], [ -102.615447, 33.825121 ], [ -102.61515, 34.312891 ] ] ] } },
{ "type": "Feature", "properties": { "statefp": "48", "countyfp": "385", "countyns": "01383978", "affgeoid": "0500000US48385", "geoid": "48385", "name": "Real", "lsad": "06", "aland": "1810812906", "awater": "2346258" }, "geometry": { "type": "Polygon", "coordinates": [ [ [ -100.03088, 29.848273 ], [ -100.002302, 29.896828 ], [ -99.967626, 30.082356 ], [ -99.757621, 30.074132 ], [ -99.689879, 30.073948 ], [ -99.691215, 29.908582 ], [ -99.602776, 29.907679 ], [ -99.60313, 29.627181 ], [ -100.014188, 29.623495 ], [ -100.03088, 29.848273 ] ] ] } },
{ "type": "Feature", "properties": { "statefp": "48", "countyfp": "359", "countyns": "01383965", "affgeoid": "0500000US48359", "geoid": "48359", "name": "Oldham", "lsad": "06", "aland": "3886337121", "awater": "2339716" }, "geometry": { "type": "Polygon", "coordinates": [ [ [ -103.041554, 35.622487 ], [ -103.041553998934006, 35.622487631958698 ], [ -102.162809, 35.627515 ], [ -102.162752, 35.620035 ], [ -102.167471, 35.183233 ], [ -103.042617950565003, 35.183157259008404 ], [ -103.041554, 35.622487 ] ] ] } },
{ "type": "Feature", "properties": { "statefp": "48", "countyfp": "127", "countyns": "01383849", "affgeoid": "0500000US48127", "geoid": "48127", "name": "Dimmit", "lsad": "06", "aland": "3441795365", "awater": "14576538" }, "geometry": { "type": "Polygon", "coordinates": [ [ [ -100.114336, 28.648122 ], [ -99.409021, 28.640566 ], [ -99.395736, 28.640784 ], [ -99.394177, 28.204627 ], [ -100.113719, 28.197819 ], [ -100.114336, 28.648122 ] ] ] } },
{ "type": "Feature", "properties": { "statefp": "48", "countyfp": "305", "countyns": "01383938", "affgeoid": "0500000US48305", "geoid": "48305", "name": "Lynn", "lsad": "06", "aland": "2309924845", "awater": "4169719" }, "geometry": { "type": "Polygon", "coordinates": [ [ [ -102.075929, 33.389586 ], [ -101.556884, 33.39476 ], [ -101.557434, 32.961025 ], [ -101.691284, 32.961838 ], [ -102.076214, 32.959702 ], [ -102.075929, 33.389586 ] ] ] } },
{ "type": "Feature", "properties": { "statefp": "48", "countyfp": "171", "countyns": "01383871", "affgeoid": "0500000US48171", "geoid": "48171", "name": "Gillespie", "lsad": "06", "aland": "2740716834", "awater": "9015052" }, "geometry": { "type": "Polygon", "coordinates": [ [ [ -99.303996, 30.499832 ], [ -98.964232, 30.498482 ], [ -98.59167, 30.499875 ], [ -98.587897, 30.138954 ], [ -98.920147, 30.13829 ], [ -99.300988, 30.134298 ], [ -99.301718, 30.286653 ], [ -99.303996, 30.499832 ] ] ] } },
{ "type": "Feature", "properties": { "statefp": "48", "countyfp": "461", "countyns": "01384016", "affgeoid": "0500000US48461", "geoid": "48461", "name": "Upton", "lsad": "06", "aland": "3215010601", "awater": "464309" }, "geometry": { "type": "Polygon", "coordinates": [ [ [ -102.31805, 31.651327 ], [ -102.287345, 31.651276 ], [ -101.775802, 31.651319 ], [ -101.776191, 31.079784 ], [ -102.301212, 31.086212 ], [ -102.31805, 31.651327 ] ] ] } },
{ "type": "Feature", "properties": { "statefp": "48", "countyfp": "145", "countyns": "01383858", "affgeoid": "0500000US48145", "geoid": "48145", "name": "Falls", "lsad": "06", "aland": "1982544974", "awater": "21693803" }, "geometry": { "type": "Polygon", "coordinates": [ [ [ -97.278113, 31.279799 ], [ -96.801123, 31.522269 ], [ -96.596862, 31.2209 ], [ -96.829121, 31.105871 ], [ -96.849079, 31.100471 ], [ -97.070188, 30.98622 ], [ -97.278113, 31.279799 ] ] ] } },
{ "type": "Feature", "properties": { "statefp": "48", "countyfp": "307", "countyns": "01383945", "affgeoid": "0500000US48307", "geoid": "48307", "name": "McCulloch", "lsad": "06", "aland": "2759894991", "awater": "20284774" }, "geometry": { "type": "Polygon", "coordinates": [ [ [ -99.603223, 31.087296 ], [ -99.60185, 31.49195 ], [ -99.511477, 31.424401 ], [ -99.402284, 31.446198 ], [ -99.314875, 31.409875 ], [ -99.202768, 31.467234 ], [ -99.098794, 31.44847 ], [ -99.090622, 31.460927 ], [ -99.092317, 30.941002 ], [ -99.484755, 30.940605 ], [ -99.603627, 30.940726 ], [ -99.603223, 31.087296 ] ] ] } },
{ "type": "Feature", "properties": { "statefp": "48", "countyfp": "247", "countyns": "01383909", "affgeoid": "0500000US48247", "geoid": "48247", "name": "Jim Hogg", "lsad": "06", "aland": "2942674729", "awater": "92565" }, "geometry": { "type": "Polygon", "coordinates": [ [ [ -98.954669, 27.269397 ], [ -98.798087, 27.268012 ], [ -98.798323, 27.354029 ], [ -98.589537, 27.358695 ], [ -98.522293, 27.343284 ], [ -98.523284, 27.26515 ], [ -98.492943, 27.235012 ], [ -98.466542, 27.054711 ], [ -98.417883, 27.055285 ], [ -98.422616, 26.783535 ], [ -98.95423, 26.785694 ], [ -98.954669, 27.269397 ] ] ] } },
{ "type": "Feature", "properties": { "statefp": "48", "countyfp": "353", "countyns": "01383962", "affgeoid": "0500000US48353", "geoid": "48353", "name": "Nolan", "lsad": "06", "aland": "2362061742", "awater": "5052158" }, "geometry": { "type": "Polygon", "coordinates": [ [ [ -100.660626, 32.525312 ], [ -100.146543, 32.522793 ], [ -100.151911, 32.082638 ], [ -100.235137, 32.082372 ], [ -100.271675, 32.081432 ], [ -100.665353, 32.085407 ], [ -100.660626, 32.525312 ] ] ] } },
{ "type": "Feature", "properties": { "statefp": "48", "countyfp": "147", "countyns": "01383859", "affgeoid": "0500000US48147", "geoid": "48147", "name": "Fannin", "lsad": "06", "aland": "2307250942", "awater": "20847063" }, "geometry": { "type": "Polygon", "coordinates": [ [ [ -96.384602, 33.397826 ], [ -96.379660825952101, 33.715530908566002 ], [ -96.363135, 33.694215 ], [ -96.307389, 33.735005 ], [ -96.277269, 33.769735 ], [ -96.229023, 33.748021 ], [ -96.173025, 33.80056 ], [ -96.15163, 33.831946 ], [ -96.063924, 33.841523 ], [ -95.935325, 33.875099 ], [ -95.887491, 33.863856 ], [ -95.844878534070702, 33.860421904718997 ], [ -95.855013, 33.827992 ], [ -95.857738, 33.461722 ], [ -95.858723, 33.40953 ], [ -96.295413, 33.351936 ], [ -96.384495, 33.341119 ], [ -96.384602, 33.397826 ] ] ] } },
{ "type": "Feature", "properties": { "statefp": "48", "countyfp": "459", "countyns": "01384015", "affgeoid": "0500000US48459", "geoid": "48459", "name": "Upshur", "lsad": "06", "aland": "1509791538", "awater": "24997458" }, "geometry": { "type": "Polygon", "coordinates": [ [ [ -95.15274, 32.660949 ], [ -95.15211, 32.902641 ], [ -94.719942, 32.904502 ], [ -94.705878, 32.879177 ], [ -94.672351, 32.834756 ], [ -94.70214, 32.793088 ], [ -94.70179, 32.652209 ], [ -94.746136, 32.66754 ], [ -94.820223, 32.590648 ], [ -94.986585, 32.537324 ], [ -94.986935, 32.537246 ], [ -95.009992, 32.516478 ], [ -95.15341, 32.570115 ], [ -95.15274, 32.660949 ] ] ] } },
{ "type": "Feature", "properties": { "statefp": "48", "countyfp": "413", "countyns": "01383992", "affgeoid": "0500000US48413", "geoid": "48413", "name": "Schleicher", "lsad": "06", "aland": "3394546071", "awater": "87401" }, "geometry": { "type": "Polygon", "coordinates": [ [ [ -100.962176, 31.08249 ], [ -100.688764, 31.086576 ], [ -100.115216, 31.087994 ], [ -100.116234, 30.710366 ], [ -100.960587, 30.706071 ], [ -100.962176, 31.08249 ] ] ] } },
{ "type": "Feature", "properties": { "statefp": "48", "countyfp": "151", "countyns": "01383861", "affgeoid": "0500000US48151", "geoid": "48151", "name": "Fisher", "lsad": "06", "aland": "2328246701", "awater": "7283897" }, "geometry": { "type": "Polygon", "coordinates": [ [ [ -100.65587, 32.963469 ], [ -100.519208, 32.962926 ], [ -100.144224, 32.959978 ], [ -100.146543, 32.522793 ], [ -100.660626, 32.525312 ], [ -100.65587, 32.963469 ] ] ] } },
{ "type": "Feature", "properties": { "statefp": "48", "countyfp": "257", "countyns": "01383914", "affgeoid": "0500000US48257", "geoid": "48257", "name": "Kaufman", "lsad": "06", "aland": "2021962201", "awater": "69763126" }, "geometry": { "type": "Polygon", "coordinates": [ [ [ -96.523008, 32.559624 ], [ -96.519261, 32.796028 ], [ -96.51897, 32.813616 ], [ -96.297376, 32.814185 ], [ -96.297322, 32.841723 ], [ -96.076801, 32.838489 ], [ -96.075899, 32.357505 ], [ -96.196231, 32.354762 ], [ -96.452138, 32.358631 ], [ -96.434514, 32.38873 ], [ -96.529987, 32.545282 ], [ -96.523008, 32.559624 ] ] ] } },
{ "type": "Feature", "properties": { "statefp": "48", "countyfp": "221", "countyns": "01383896", "affgeoid": "0500000US48221", "geoid": "48221", "name": "Hood", "lsad": "06", "aland": "1089567387", "awater": "41838592" }, "geometry": { "type": "Polygon", "coordinates": [ [ [ -98.066836, 32.558822 ], [ -97.617066, 32.555484 ], [ -97.615286, 32.318618 ], [ -97.78276, 32.316493 ], [ -97.945625, 32.233468 ], [ -97.950265, 32.244263 ], [ -98.068545, 32.511626 ], [ -98.066836, 32.558822 ] ] ] } },
{ "type": "Feature", "properties": { "statefp": "48", "countyfp": "085", "countyns": "01383828", "affgeoid": "0500000US48085", "geoid": "48085", "name": "Collin", "lsad": "06", "aland": "2178638821", "awater": "116470919" }, "geometry": { "type": "Polygon", "coordinates": [ [ [ -96.841849, 33.086456 ], [ -96.837795, 33.262835 ], [ -96.83411, 33.405498 ], [ -96.384602, 33.397826 ], [ -96.384495, 33.341119 ], [ -96.295413, 33.351936 ], [ -96.297227, 32.981752 ], [ -96.466726, 32.982 ], [ -96.516866, 32.982308 ], [ -96.613377, 32.984021 ], [ -96.803375, 32.987003 ], [ -96.843979, 32.987554 ], [ -96.841849, 33.086456 ] ] ] } },
{ "type": "Feature", "properties": { "statefp": "48", "countyfp": "075", "countyns": "01383823", "affgeoid": "0500000US48075", "geoid": "48075", "name": "Childress", "lsad": "06", "aland": "1803680231", "awater": "44835076" }, "geometry": { "type": "Polygon", "coordinates": [ [ [ -100.415895, 34.747525 ], [ -100.000382194816027, 34.746360552561598 ], [ -100.000381, 34.560509 ], [ -99.997629328163001, 34.561136624560099 ], [ -99.99772, 34.311829 ], [ -100.417783, 34.313524 ], [ -100.415895, 34.747525 ] ] ] } },
{ "type": "Feature", "properties": { "statefp": "48", "countyfp": "143", "countyns": "01383857", "affgeoid": "0500000US48143", "geoid": "48143", "name": "Erath", "lsad": "06", "aland": "2805191451", "awater": "17394954" }, "geometry": { "type": "Polygon", "coordinates": [ [ [ -98.474685, 32.299084 ], [ -98.475177, 32.513039 ], [ -98.068545, 32.511626 ], [ -97.950265, 32.244263 ], [ -97.945625, 32.233468 ], [ -97.864864, 32.087328 ], [ -98.005462, 32.017897 ], [ -98.208386, 31.917511 ], [ -98.250318, 31.979003 ], [ -98.271184, 31.969949 ], [ -98.327499, 31.941261 ], [ -98.551158, 32.261436 ], [ -98.474685, 32.299084 ] ] ] } },
{ "type": "Feature", "properties": { "statefp": "48", "countyfp": "123", "countyns": "01383844", "affgeoid": "0500000US48123", "geoid": "48123", "name": "DeWitt", "lsad": "06", "aland": "2354237945", "awater": "3919919" }, "geometry": { "type": "Polygon", "coordinates": [ [ [ -97.613132, 29.109765 ], [ -97.335207, 29.315049 ], [ -97.240108, 29.384488 ], [ -96.976378, 29.104046 ], [ -97.305916, 28.864037 ], [ -97.41734, 28.925228 ], [ -97.574639, 28.8133 ], [ -97.75511, 29.007113 ], [ -97.613132, 29.109765 ] ] ] } },
{ "type": "Feature", "properties": { "statefp": "48", "countyfp": "193", "countyns": "01383882", "affgeoid": "0500000US48193", "geoid": "48193", "name": "Hamilton", "lsad": "06", "aland": "2165008743", "awater": "1238628" }, "geometry": { "type": "Polygon", "coordinates": [ [ [ -98.463736, 31.683989 ], [ -98.156568, 31.841713 ], [ -98.208386, 31.917511 ], [ -98.005462, 32.017897 ], [ -97.766431, 31.672461 ], [ -98.180006, 31.463717 ], [ -98.27107, 31.416398 ], [ -98.463736, 31.683989 ] ] ] } },
{ "type": "Feature", "properties": { "statefp": "48", "countyfp": "129", "countyns": "01383850", "affgeoid": "0500000US48129", "geoid": "48129", "name": "Donley", "lsad": "06", "aland": "2400623972", "awater": "15954005" }, "geometry": { "type": "Polygon", "coordinates": [ [ [ -101.086281, 35.18214 ], [ -100.538978, 35.183144 ], [ -100.540703, 34.747723 ], [ -100.944939, 34.748281 ], [ -101.090749, 34.748246 ], [ -101.086281, 35.18214 ] ] ] } },
{ "type": "Feature", "properties": { "statefp": "48", "countyfp": "019", "countyns": "01383795", "affgeoid": "0500000US48019", "geoid": "48019", "name": "Bandera", "lsad": "06", "aland": "2048666851", "awater": "17288354" }, "geometry": { "type": "Polygon", "coordinates": [ [ [ -99.602776, 29.907679 ], [ -99.176988, 29.895063 ], [ -98.917725, 29.781398 ], [ -98.778782, 29.720167 ], [ -98.806552, 29.690709 ], [ -98.927161, 29.56225 ], [ -98.971383, 29.551842 ], [ -98.983787, 29.62345 ], [ -99.411817, 29.627514 ], [ -99.60313, 29.627181 ], [ -99.602776, 29.907679 ] ] ] } },
{ "type": "Feature", "properties": { "statefp": "48", "countyfp": "055", "countyns": "01383813", "affgeoid": "0500000US48055", "geoid": "48055", "name": "Caldwell", "lsad": "06", "aland": "1412139126", "awater": "4972802" }, "geometry": { "type": "Polygon", "coordinates": [ [ [ -97.899238, 29.857583 ], [ -97.712548, 30.020613 ], [ -97.710215, 30.024499 ], [ -97.665761, 30.063862 ], [ -97.64937, 30.067944 ], [ -97.315823, 29.786541 ], [ -97.317893, 29.784658 ], [ -97.597743, 29.630718 ], [ -97.633176, 29.649863 ], [ -97.768459, 29.719103 ], [ -97.780917, 29.759258 ], [ -97.799396, 29.75226 ], [ -97.875259, 29.858208 ], [ -97.899238, 29.857583 ] ] ] } },
{ "type": "Feature", "properties": { "statefp": "48", "countyfp": "111", "countyns": "01383841", "affgeoid": "0500000US48111", "geoid": "48111", "name": "Dallam", "lsad": "06", "aland": "3893093470", "awater": "5182189" }, "geometry": { "type": "Polygon", "coordinates": [ [ [ -103.041924, 36.500439 ], [ -103.002434, 36.500397 ], [ -102.162463, 36.500326 ], [ -102.163015, 36.055249 ], [ -103.040824, 36.055231 ], [ -103.041924, 36.500439 ] ] ] } },
{ "type": "Feature", "properties": { "statefp": "48", "countyfp": "283", "countyns": "01383924", "affgeoid": "0500000US48283", "geoid": "48283", "name": "La Salle", "lsad": "06", "aland": "3850545746", "awater": "19503743" }, "geometry": { "type": "Polygon", "coordinates": [ [ [ -99.395736, 28.640784 ], [ -98.800841, 28.647487 ], [ -98.800848, 28.647306 ], [ -98.800082, 28.202333 ], [ -98.803325, 28.05748 ], [ -99.388946, 28.030419 ], [ -99.393972, 28.197495 ], [ -99.394177, 28.204627 ], [ -99.395736, 28.640784 ] ] ] } },
{ "type": "Feature", "properties": { "statefp": "48", "countyfp": "311", "countyns": "01383947", "affgeoid": "0500000US48311", "geoid": "48311", "name": "McMullen", "lsad": "06", "aland": "2952065876", "awater": "43985815" }, "geometry": { "type": "Polygon", "coordinates": [ [ [ -98.800082, 28.202333 ], [ -98.800848, 28.647306 ], [ -98.335047, 28.648275 ], [ -98.335031, 28.612658 ], [ -98.334323, 28.0578 ], [ -98.803325, 28.05748 ], [ -98.800082, 28.202333 ] ] ] } },
{ "type": "Feature", "properties": { "statefp": "48", "countyfp": "381", "countyns": "01383976", "affgeoid": "0500000US48381", "geoid": "48381", "name": "Randall", "lsad": "06", "aland": "2361843607", "awater": "27235708" }, "geometry": { "type": "Polygon", "coordinates": [ [ [ -102.167471, 35.183233 ], [ -101.622941, 35.183117 ], [ -101.629257, 34.747649 ], [ -101.998493, 34.74819 ], [ -102.168839, 34.747417 ], [ -102.167471, 35.183233 ] ] ] } },
{ "type": "Feature", "properties": { "statefp": "48", "countyfp": "399", "countyns": "01383985", "affgeoid": "0500000US48399", "geoid": "48399", "name": "Runnels", "lsad": "06", "aland": "2721934030", "awater": "15930084" }, "geometry": { "type": "Polygon", "coordinates": [ [ [ -100.235137, 32.082372 ], [ -100.151911, 32.082638 ], [ -99.713971, 32.082089 ], [ -99.721698, 31.576759 ], [ -100.111234, 31.580267 ], [ -100.233783, 31.582196 ], [ -100.235761, 31.69297 ], [ -100.235137, 32.082372 ] ] ] } },
{ "type": "Feature", "properties": { "statefp": "48", "countyfp": "445", "countyns": "01384008", "affgeoid": "0500000US48445", "geoid": "48445", "name": "Terry", "lsad": "06", "aland": "2302083289", "awater": "5443861" }, "geometry": { "type": "Polygon", "coordinates": [ [ [ -102.594836, 33.388489 ], [ -102.075929, 33.389586 ], [ -102.076214, 32.959702 ], [ -102.20852, 32.958956 ], [ -102.595023, 32.958831 ], [ -102.594836, 33.388489 ] ] ] } },
{ "type": "Feature", "properties": { "statefp": "48", "countyfp": "463", "countyns": "01384017", "affgeoid": "0500000US48463", "geoid": "48463", "name": "Uvalde", "lsad": "06", "aland": "4019521039", "awater": "17320583" }, "geometry": { "type": "Polygon", "coordinates": [ [ [ -100.112098, 29.623263 ], [ -100.014188, 29.623495 ], [ -99.60313, 29.627181 ], [ -99.411817, 29.627514 ], [ -99.41388, 29.091335 ], [ -100.111406, 29.086318 ], [ -100.112098, 29.623263 ] ] ] } },
{ "type": "Feature", "properties": { "statefp": "48", "countyfp": "483", "countyns": "01384027", "affgeoid": "0500000US48483", "geoid": "48483", "name": "Wheeler", "lsad": "06", "aland": "2368603585", "awater": "2481258" }, "geometry": { "type": "Polygon", "coordinates": [ [ [ -100.540158, 35.619296 ], [ -100.000392, 35.619115 ], [ -100.000388844143018, 35.422363988309399 ], [ -100.000385, 35.182702 ], [ -100.538978, 35.183144 ], [ -100.540158, 35.619296 ] ] ] } },
{ "type": "Feature", "properties": { "statefp": "48", "countyfp": "303", "countyns": "01383937", "affgeoid": "0500000US48303", "geoid": "48303", "name": "Lubbock", "lsad": "06", "aland": "2319602826", "awater": "13205756" }, "geometry": { "type": "Polygon", "coordinates": [ [ [ -102.085733, 33.824675 ], [ -101.56358, 33.830451 ], [ -101.556884, 33.39476 ], [ -102.075929, 33.389586 ], [ -102.085733, 33.824675 ] ] ] } },
{ "type": "Feature", "properties": { "statefp": "48", "countyfp": "285", "countyns": "01383928", "affgeoid": "0500000US48285", "geoid": "48285", "name": "Lavaca", "lsad": "06", "aland": "2511535250", "awater": "1882216" }, "geometry": { "type": "Polygon", "coordinates": [ [ [ -97.204087, 29.580613 ], [ -97.142643, 29.628101 ], [ -96.874222, 29.632706 ], [ -96.793132, 29.577378 ], [ -96.560555, 29.335439 ], [ -96.658466, 29.263876 ], [ -96.938587, 29.063244 ], [ -96.976378, 29.104046 ], [ -97.240108, 29.384488 ], [ -97.204087, 29.580613 ] ] ] } },
{ "type": "Feature", "properties": { "statefp": "48", "countyfp": "321", "countyns": "01383943", "affgeoid": "0500000US48321", "geoid": "48321", "name": "Matagorda", "lsad": "06", "aland": "2830586532", "awater": "1345801461" }, "geometry": { "type": "Polygon", "coordinates": [ [ [ -96.378533159286789, 28.389865030487901 ], [ -96.322731, 28.642944 ], [ -96.323522, 28.675597 ], [ -96.309178, 28.963291 ], [ -95.965196, 29.146865 ], [ -95.874028, 29.229702 ], [ -95.84631, 29.107799 ], [ -95.770446, 29.06621 ], [ -95.769393, 28.971109 ], [ -95.67955, 28.965734 ], [ -95.567708, 28.829758 ], [ -95.507037396916999, 28.824735512192103 ], [ -95.588801, 28.783169 ], [ -95.684089, 28.734041 ], [ -95.812504, 28.664942 ], [ -96.000682, 28.588238 ], [ -96.194412, 28.502224 ], [ -96.328817, 28.423659 ], [ -96.378533159286789, 28.389865030487901 ] ] ] } },
{ "type": "Feature", "properties": { "statefp": "48", "countyfp": "397", "countyns": "01383984", "affgeoid": "0500000US48397", "geoid": "48397", "name": "Rockwall", "lsad": "06", "aland": "329205133", "awater": "56076769" }, "geometry": { "type": "Polygon", "coordinates": [ [ [ -96.516866, 32.982308 ], [ -96.466726, 32.982 ], [ -96.297227, 32.981752 ], [ -96.297322, 32.841723 ], [ -96.297376, 32.814185 ], [ -96.51897, 32.813616 ], [ -96.516866, 32.982308 ] ] ] } },
{ "type": "Feature", "properties": { "statefp": "48", "countyfp": "429", "countyns": "01384000", "affgeoid": "0500000US48429", "geoid": "48429", "name": "Stephens", "lsad": "06", "aland": "2322492638", "awater": "64152295" }, "geometry": { "type": "Polygon", "coordinates": [ [ [ -99.095956, 32.707581 ], [ -99.096016, 32.957037 ], [ -98.950875, 32.956918 ], [ -98.575616, 32.954349 ], [ -98.576023, 32.733834 ], [ -98.576256, 32.515163 ], [ -99.09605, 32.514768 ], [ -99.095956, 32.707581 ] ] ] } },
{ "type": "Feature", "properties": { "statefp": "48", "countyfp": "363", "countyns": "01383967", "affgeoid": "0500000US48363", "geoid": "48363", "name": "Palo Pinto", "lsad": "06", "aland": "2466313772", "awater": "86141064" }, "geometry": { "type": "Polygon", "coordinates": [ [ [ -98.576023, 32.733834 ], [ -98.575616, 32.954349 ], [ -98.427211, 32.9523 ], [ -98.426553, 33.007913 ], [ -98.056094, 33.003332 ], [ -98.066836, 32.558822 ], [ -98.068545, 32.511626 ], [ -98.475177, 32.513039 ], [ -98.576256, 32.515163 ], [ -98.576023, 32.733834 ] ] ] } },
{ "type": "Feature", "properties": { "statefp": "48", "countyfp": "029", "countyns": "01383800", "affgeoid": "0500000US48029", "geoid": "48029", "name": "Bexar", "lsad": "06", "aland": "3211308851", "awater": "41911545" }, "geometry": { "type": "Polygon", "coordinates": [ [ [ -98.806552, 29.690709 ], [ -98.778782, 29.720167 ], [ -98.738381, 29.716543 ], [ -98.646124, 29.745181 ], [ -98.550489, 29.760713 ], [ -98.445448, 29.735636 ], [ -98.443852, 29.71965 ], [ -98.352589, 29.734365 ], [ -98.378068, 29.662613 ], [ -98.328651, 29.608233 ], [ -98.31095, 29.59456 ], [ -98.310928, 29.594473 ], [ -98.27371, 29.551213 ], [ -98.233899, 29.554893 ], [ -98.164638, 29.478091 ], [ -98.122555, 29.47797 ], [ -98.134171, 29.441751 ], [ -98.407336, 29.114435 ], [ -98.441548, 29.126127 ], [ -98.804763, 29.250693 ], [ -98.806552, 29.690709 ] ] ] } },
{ "type": "Feature", "properties": { "statefp": "48", "countyfp": "281", "countyns": "01383927", "affgeoid": "0500000US48281", "geoid": "48281", "name": "Lampasas", "lsad": "06", "aland": "1846250633", "awater": "2833490" }, "geometry": { "type": "Polygon", "coordinates": [ [ [ -98.562739, 31.230582 ], [ -98.281557, 31.401451 ], [ -98.27107, 31.416398 ], [ -98.180006, 31.463717 ], [ -97.9071, 31.069374 ], [ -97.911684, 31.034919 ], [ -98.439687, 31.029537 ], [ -98.548051, 31.123474 ], [ -98.510341, 31.155666 ], [ -98.562739, 31.230582 ] ] ] } },
{ "type": "Feature", "properties": { "statefp": "48", "countyfp": "113", "countyns": "01383842", "affgeoid": "0500000US48113", "geoid": "48113", "name": "Dallas", "lsad": "06", "aland": "2258737472", "awater": "94576756" }, "geometry": { "type": "Polygon", "coordinates": [ [ [ -97.036417, 32.693188 ], [ -97.036207, 32.711113 ], [ -97.035167, 32.759368 ], [ -97.03479, 32.786041 ], [ -97.034085, 32.81666 ], [ -97.032287, 32.989324 ], [ -96.990214, 32.989287 ], [ -96.980069, 32.989203 ], [ -96.958665, 32.989013 ], [ -96.843979, 32.987554 ], [ -96.803375, 32.987003 ], [ -96.613377, 32.984021 ], [ -96.516866, 32.982308 ], [ -96.51897, 32.813616 ], [ -96.519261, 32.796028 ], [ -96.523008, 32.559624 ], [ -96.529987, 32.545282 ], [ -97.038385, 32.548662 ], [ -97.036417, 32.693188 ] ] ] } },
{ "type": "Feature", "properties": { "statefp": "48", "countyfp": "051", "countyns": "01383811", "affgeoid": "0500000US48051", "geoid": "48051", "name": "Burleson", "lsad": "06", "aland": "1706886781", "awater": "46048550" }, "geometry": { "type": "Polygon", "coordinates": [ [ [ -96.963629, 30.557169 ], [ -96.621281, 30.730819 ], [ -96.566983, 30.69567 ], [ -96.601831, 30.641926 ], [ -96.510494, 30.627828 ], [ -96.358817, 30.541753 ], [ -96.340875, 30.474543 ], [ -96.272049, 30.416145 ], [ -96.299173, 30.379152 ], [ -96.357407, 30.373318 ], [ -96.640883, 30.296786 ], [ -96.743672, 30.319757 ], [ -96.87711, 30.447945 ], [ -96.918902, 30.539212 ], [ -96.963629, 30.557169 ] ] ] } },
{ "type": "Feature", "properties": { "statefp": "48", "countyfp": "383", "countyns": "01383977", "affgeoid": "0500000US48383", "geoid": "48383", "name": "Reagan", "lsad": "06", "aland": "3044049124", "awater": "1792716" }, "geometry": { "type": "Polygon", "coordinates": [ [ [ -101.775802, 31.651319 ], [ -101.267122, 31.650854 ], [ -101.26763, 31.556462 ], [ -101.267947, 31.528688 ], [ -101.274799, 31.079379 ], [ -101.776191, 31.079784 ], [ -101.775802, 31.651319 ] ] ] } },
{ "type": "Feature", "properties": { "statefp": "48", "countyfp": "153", "countyns": "01383862", "affgeoid": "0500000US48153", "geoid": "48153", "name": "Floyd", "lsad": "06", "aland": "2569637276", "awater": "983737" }, "geometry": { "type": "Polygon", "coordinates": [ [ [ -101.564856, 34.312493 ], [ -101.47158, 34.31229 ], [ -101.041484, 34.312444 ], [ -101.041437, 34.130796 ], [ -101.041158, 33.833625 ], [ -101.56358, 33.830451 ], [ -101.564563, 34.074228 ], [ -101.564856, 34.312493 ] ] ] } },
{ "type": "Feature", "properties": { "statefp": "48", "countyfp": "411", "countyns": "01383991", "affgeoid": "0500000US48411", "geoid": "48411", "name": "San Saba", "lsad": "06", "aland": "2940447178", "awater": "8069104" }, "geometry": { "type": "Polygon", "coordinates": [ [ [ -99.092317, 30.941002 ], [ -99.090622, 31.460927 ], [ -99.041741, 31.490302 ], [ -98.991608, 31.484071 ], [ -98.933188, 31.436928 ], [ -98.8725, 31.444299 ], [ -98.854292, 31.413425 ], [ -98.7244, 31.427174 ], [ -98.696634, 31.407287 ], [ -98.713131, 31.34883 ], [ -98.65456, 31.370022 ], [ -98.643921, 31.31407 ], [ -98.587268, 31.325463 ], [ -98.626926, 31.281182 ], [ -98.562739, 31.230582 ], [ -98.510341, 31.155666 ], [ -98.548051, 31.123474 ], [ -98.439687, 31.029537 ], [ -98.418746, 30.92626 ], [ -98.445782, 30.921439 ], [ -98.964612, 30.921368 ], [ -99.091886, 30.921966 ], [ -99.092317, 30.941002 ] ] ] } },
{ "type": "Feature", "properties": { "statefp": "48", "countyfp": "475", "countyns": "01384023", "affgeoid": "0500000US48475", "geoid": "48475", "name": "Ward", "lsad": "06", "aland": "2164201087", "awater": "624206" }, "geometry": { "type": "Polygon", "coordinates": [ [ [ -103.610887, 31.651802 ], [ -103.327538, 31.65142 ], [ -102.798939, 31.651783 ], [ -102.767246, 31.651714 ], [ -102.767365, 31.293803 ], [ -102.826735, 31.266881 ], [ -102.933578, 31.350081 ], [ -103.01104, 31.371306 ], [ -103.181225, 31.370245 ], [ -103.261677, 31.42757 ], [ -103.329941, 31.411998 ], [ -103.44241, 31.433752 ], [ -103.509379, 31.625934 ], [ -103.610887, 31.651802 ] ] ] } },
{ "type": "Feature", "properties": { "statefp": "48", "countyfp": "253", "countyns": "01383912", "affgeoid": "0500000US48253", "geoid": "48253", "name": "Jones", "lsad": "06", "aland": "2404946720", "awater": "22227413" }, "geometry": { "type": "Polygon", "coordinates": [ [ [ -100.144224, 32.959978 ], [ -99.988827, 32.960121 ], [ -99.612001, 32.956962 ], [ -99.612026, 32.514654 ], [ -99.629579, 32.514657 ], [ -99.656569, 32.52064 ], [ -100.146543, 32.522793 ], [ -100.144224, 32.959978 ] ] ] } },
{ "type": "Feature", "properties": { "statefp": "48", "countyfp": "319", "countyns": "01383942", "affgeoid": "0500000US48319", "geoid": "48319", "name": "Mason", "lsad": "06", "aland": "2405596036", "awater": "8833381" }, "geometry": { "type": "Polygon", "coordinates": [ [ [ -99.484755, 30.940605 ], [ -99.092317, 30.941002 ], [ -99.091886, 30.921966 ], [ -98.964612, 30.921368 ], [ -98.964232, 30.498482 ], [ -99.303996, 30.499832 ], [ -99.484493, 30.499641 ], [ -99.483869, 30.710771 ], [ -99.484755, 30.940605 ] ] ] } },
{ "type": "Feature", "properties": { "statefp": "48", "countyfp": "335", "countyns": "01383953", "affgeoid": "0500000US48335", "geoid": "48335", "name": "Mitchell", "lsad": "06", "aland": "2359710933", "awater": "12489774" }, "geometry": { "type": "Polygon", "coordinates": [ [ [ -101.174571, 32.524112 ], [ -101.174562, 32.527703 ], [ -100.660626, 32.525312 ], [ -100.665353, 32.085407 ], [ -100.821594, 32.08661 ], [ -101.183997, 32.087208 ], [ -101.174571, 32.524112 ] ] ] } },
{ "type": "Feature", "properties": { "statefp": "48", "countyfp": "433", "countyns": "01384002", "affgeoid": "0500000US48433", "geoid": "48433", "name": "Stonewall", "lsad": "06", "aland": "2373238704", "awater": "10177387" }, "geometry": { "type": "Polygon", "coordinates": [ [ [ -100.517449, 33.397866 ], [ -99.99098, 33.397404 ], [ -99.988827, 32.960121 ], [ -100.144224, 32.959978 ], [ -100.519208, 32.962926 ], [ -100.517449, 33.397866 ] ] ] } },
{ "type": "Feature", "properties": { "statefp": "48", "countyfp": "313", "countyns": "01383939", "affgeoid": "0500000US48313", "geoid": "48313", "name": "Madison", "lsad": "06", "aland": "1207103467", "awater": "16493254" }, "geometry": { "type": "Polygon", "coordinates": [ [ [ -96.24102, 30.973737 ], [ -95.975218, 31.091967 ], [ -95.76441, 31.094211 ], [ -95.656487, 31.079339 ], [ -95.681158, 30.986958 ], [ -95.617872, 30.930418 ], [ -95.616233, 30.910196 ], [ -95.716508, 30.911405 ], [ -95.863059, 30.864125 ], [ -96.16837, 30.822997 ], [ -96.207477, 30.947081 ], [ -96.24102, 30.973737 ] ] ] } },
{ "type": "Feature", "properties": { "statefp": "48", "countyfp": "477", "countyns": "01384024", "affgeoid": "0500000US48477", "geoid": "48477", "name": "Washington", "lsad": "06", "aland": "1564249679", "awater": "46077120" }, "geometry": { "type": "Polygon", "coordinates": [ [ [ -96.734469, 30.241229 ], [ -96.640883, 30.296786 ], [ -96.357407, 30.373318 ], [ -96.299173, 30.379152 ], [ -96.272455, 30.358468 ], [ -96.178661, 30.394718 ], [ -96.15463, 30.330288 ], [ -96.094404, 30.309371 ], [ -96.093165, 30.225187 ], [ -96.15901, 30.206613 ], [ -96.191782, 30.13842 ], [ -96.146052, 30.070224 ], [ -96.159442, 30.053832 ], [ -96.292849, 30.09615 ], [ -96.62198, 30.044283 ], [ -96.647223, 30.145174 ], [ -96.794552, 30.160545 ], [ -96.734469, 30.241229 ] ] ] } },
{ "type": "Feature", "properties": { "statefp": "48", "countyfp": "291", "countyns": "01383931", "affgeoid": "0500000US48291", "geoid": "48291", "name": "Liberty", "lsad": "06", "aland": "3000343678", "awater": "46378363" }, "geometry": { "type": "Polygon", "coordinates": [ [ [ -95.165897, 30.344976 ], [ -94.85252, 30.482907 ], [ -94.849414, 30.493553 ], [ -94.777341, 30.489002 ], [ -94.732732, 30.490066 ], [ -94.596338, 30.112101 ], [ -94.44491, 30.113015 ], [ -94.442235, 29.889538 ], [ -94.98146, 29.884276 ], [ -94.999834, 29.991322 ], [ -95.026772, 29.996739 ], [ -95.035692, 30.005064 ], [ -95.096708, 30.167214 ], [ -95.165897, 30.344976 ] ] ] } },
{ "type": "Feature", "properties": { "statefp": "48", "countyfp": "235", "countyns": "01383903", "affgeoid": "0500000US48235", "geoid": "48235", "name": "Irion", "lsad": "06", "aland": "2723485996", "awater": "176317" }, "geometry": { "type": "Polygon", "coordinates": [ [ [ -101.267947, 31.528688 ], [ -100.693065, 31.523954 ], [ -100.688764, 31.086576 ], [ -100.962176, 31.08249 ], [ -101.274799, 31.079379 ], [ -101.267947, 31.528688 ] ] ] } },
{ "type": "Feature", "properties": { "statefp": "48", "countyfp": "195", "countyns": "01383883", "affgeoid": "0500000US48195", "geoid": "48195", "name": "Hansford", "lsad": "06", "aland": "2382296649", "awater": "1548341" }, "geometry": { "type": "Polygon", "coordinates": [ [ [ -101.623915, 36.499528 ], [ -101.085156, 36.499244 ], [ -101.085716, 36.057572 ], [ -101.085735, 36.055276 ], [ -101.623466, 36.055405 ], [ -101.623915, 36.499528 ] ] ] } },
{ "type": "Feature", "properties": { "statefp": "48", "countyfp": "255", "countyns": "01383913", "affgeoid": "0500000US48255", "geoid": "48255", "name": "Karnes", "lsad": "06", "aland": "1936008340", "awater": "15671660" }, "geometry": { "type": "Polygon", "coordinates": [ [ [ -98.190991, 28.882333 ], [ -97.995302, 29.026104 ], [ -97.728443, 29.221748 ], [ -97.613132, 29.109765 ], [ -97.75511, 29.007113 ], [ -97.574639, 28.8133 ], [ -97.77853, 28.668027 ], [ -97.915106, 28.719648 ], [ -98.005252, 28.690239 ], [ -98.098315, 28.786949 ], [ -98.190991, 28.882333 ] ] ] } },
{ "type": "Feature", "properties": { "statefp": "48", "countyfp": "301", "countyns": "01383936", "affgeoid": "0500000US48301", "geoid": "48301", "name": "Loving", "lsad": "06", "aland": "1732059386", "awater": "20151852" }, "geometry": { "type": "Polygon", "coordinates": [ [ [ -103.980213477381014, 32.000032851362597 ], [ -103.722881979148013, 32.000165568676394 ], [ -103.326501, 32.00037 ], [ -103.327538, 31.65142 ], [ -103.610887, 31.651802 ], [ -103.625726, 31.705032 ], [ -103.746809, 31.739509 ], [ -103.809458, 31.794317 ], [ -103.829385, 31.887992 ], [ -103.885584, 31.870373 ], [ -103.980213477381014, 32.000032851362597 ] ] ] } },
{ "type": "Feature", "properties": { "statefp": "48", "countyfp": "131", "countyns": "01383851", "affgeoid": "0500000US48131", "geoid": "48131", "name": "Duval", "lsad": "06", "aland": "4645085813", "awater": "5478267" }, "geometry": { "type": "Polygon", "coordinates": [ [ [ -98.803325, 28.05748 ], [ -98.334323, 28.0578 ], [ -98.235497, 28.057966 ], [ -98.232464, 27.262487 ], [ -98.523284, 27.26515 ], [ -98.522293, 27.343284 ], [ -98.589537, 27.358695 ], [ -98.798323, 27.354029 ], [ -98.803325, 28.05748 ] ] ] } },
{ "type": "Feature", "properties": { "statefp": "48", "countyfp": "045", "countyns": "01383808", "affgeoid": "0500000US48045", "geoid": "48045", "name": "Briscoe", "lsad": "06", "aland": "2330991085", "awater": "4068657" }, "geometry": { "type": "Polygon", "coordinates": [ [ [ -101.471562, 34.747462 ], [ -101.090749, 34.748246 ], [ -100.944939, 34.748281 ], [ -100.946132, 34.312759 ], [ -101.041484, 34.312444 ], [ -101.47158, 34.31229 ], [ -101.471562, 34.747462 ] ] ] } },
{ "type": "Feature", "properties": { "statefp": "48", "countyfp": "047", "countyns": "01383809", "affgeoid": "0500000US48047", "geoid": "48047", "name": "Brooks", "lsad": "06", "aland": "2443277016", "awater": "741627" }, "geometry": { "type": "Polygon", "coordinates": [ [ [ -98.523284, 27.26515 ], [ -98.232464, 27.262487 ], [ -98.058078, 27.260981 ], [ -97.986076, 27.260494 ], [ -97.985887, 27.209308 ], [ -97.985494, 26.780917 ], [ -98.32067, 26.783081 ], [ -98.422616, 26.783535 ], [ -98.417883, 27.055285 ], [ -98.466542, 27.054711 ], [ -98.492943, 27.235012 ], [ -98.523284, 27.26515 ] ] ] } },
{ "type": "Feature", "properties": { "statefp": "48", "countyfp": "139", "countyns": "01383856", "affgeoid": "0500000US48139", "geoid": "48139", "name": "Ellis", "lsad": "06", "aland": "2423342394", "awater": "41672841" }, "geometry": { "type": "Polygon", "coordinates": [ [ [ -97.086834, 32.549428 ], [ -97.038385, 32.548662 ], [ -96.529987, 32.545282 ], [ -96.434514, 32.38873 ], [ -96.452138, 32.358631 ], [ -96.451474, 32.345574 ], [ -96.383082, 32.328851 ], [ -96.896209, 32.073977 ], [ -96.940656, 32.052087 ], [ -97.086191, 32.265451 ], [ -97.086834, 32.549428 ] ] ] } },
{ "type": "Feature", "properties": { "statefp": "48", "countyfp": "219", "countyns": "01383895", "affgeoid": "0500000US48219", "geoid": "48219", "name": "Hockley", "lsad": "06", "aland": "2352723906", "awater": "446119" }, "geometry": { "type": "Polygon", "coordinates": [ [ [ -102.615447, 33.825121 ], [ -102.085733, 33.824675 ], [ -102.075929, 33.389586 ], [ -102.594836, 33.388489 ], [ -102.615447, 33.825121 ] ] ] } },
{ "type": "Feature", "properties": { "statefp": "48", "countyfp": "007", "countyns": "01383789", "affgeoid": "0500000US48007", "geoid": "48007", "name": "Aransas", "lsad": "06", "aland": "652804634", "awater": "714591509" }, "geometry": { "type": "Polygon", "coordinates": [ [ [ -97.144916, 28.102622 ], [ -97.023586, 28.187657 ], [ -97.123799, 28.272459 ], [ -96.790512, 28.319238 ], [ -96.830928, 28.107894 ], [ -96.852070622730096, 28.059820861604599 ], [ -96.886459, 28.030734 ], [ -97.003325, 27.908307 ], [ -97.0436840836865, 27.836532353471799 ], [ -97.095713, 27.957835 ], [ -97.136312, 27.90439 ], [ -97.260818, 28.075759 ], [ -97.144916, 28.102622 ] ] ] } },
{ "type": "Feature", "properties": { "statefp": "48", "countyfp": "159", "countyns": "01383865", "affgeoid": "0500000US48159", "geoid": "48159", "name": "Franklin", "lsad": "06", "aland": "736570306", "awater": "26874743" }, "geometry": { "type": "Polygon", "coordinates": [ [ [ -95.308593, 33.37719 ], [ -95.30664, 33.378027 ], [ -95.153438, 33.380764 ], [ -95.125451, 33.389454 ], [ -95.12613, 33.034581 ], [ -95.152206, 33.01345 ], [ -95.172947, 32.961829 ], [ -95.231193, 32.962196 ], [ -95.308957, 32.962572 ], [ -95.308593, 33.37719 ] ] ] } },
{ "type": "Feature", "properties": { "statefp": "48", "countyfp": "165", "countyns": "01383868", "affgeoid": "0500000US48165", "geoid": "48165", "name": "Gaines", "lsad": "06", "aland": "3891105276", "awater": "1262946" }, "geometry": { "type": "Polygon", "coordinates": [ [ [ -103.064889, 32.849359 ], [ -103.063468888475001, 32.959106381830502 ], [ -102.595023, 32.958831 ], [ -102.20852, 32.958956 ], [ -102.202703, 32.523271 ], [ -102.211037, 32.523244 ], [ -103.064696, 32.522193 ], [ -103.064761, 32.587983 ], [ -103.064889, 32.849359 ] ] ] } },
{ "type": "Feature", "properties": { "statefp": "48", "countyfp": "211", "countyns": "01383891", "affgeoid": "0500000US48211", "geoid": "48211", "name": "Hemphill", "lsad": "06", "aland": "2347270020", "awater": "15205585" }, "geometry": { "type": "Polygon", "coordinates": [ [ [ -100.540221, 36.056491 ], [ -100.000399, 36.055677 ], [ -100.000396198329014, 35.880947999996799 ], [ -100.000392, 35.619115 ], [ -100.540158, 35.619296 ], [ -100.540221, 36.056491 ] ] ] } },
{ "type": "Feature", "properties": { "statefp": "48", "countyfp": "205", "countyns": "01383888", "affgeoid": "0500000US48205", "geoid": "48205", "name": "Hartley", "lsad": "06", "aland": "3786435518", "awater": "3023182" }, "geometry": { "type": "Polygon", "coordinates": [ [ [ -103.041356721818005, 35.739433506348696 ], [ -103.040824, 36.055231 ], [ -102.163015, 36.055249 ], [ -102.162809, 35.627515 ], [ -103.041553998934006, 35.622487631958698 ], [ -103.041356721818005, 35.739433506348696 ] ] ] } },
{ "type": "Feature", "properties": { "statefp": "48", "countyfp": "087", "countyns": "01383829", "affgeoid": "0500000US48087", "geoid": "48087", "name": "Collingsworth", "lsad": "06", "aland": "2378749932", "awater": "2279193" }, "geometry": { "type": "Polygon", "coordinates": [ [ [ -100.538978, 35.183144 ], [ -100.000385, 35.182702 ], [ -100.000384020773012, 35.030384999999896 ], [ -100.000382194816027, 34.746360552561598 ], [ -100.415895, 34.747525 ], [ -100.540703, 34.747723 ], [ -100.538978, 35.183144 ] ] ] } },
{ "type": "Feature", "properties": { "statefp": "48", "countyfp": "011", "countyns": "01383791", "affgeoid": "0500000US48011", "geoid": "48011", "name": "Armstrong", "lsad": "06", "aland": "2354581675", "awater": "12219587" }, "geometry": { "type": "Polygon", "coordinates": [ [ [ -101.622941, 35.183117 ], [ -101.086281, 35.18214 ], [ -101.090749, 34.748246 ], [ -101.471562, 34.747462 ], [ -101.629257, 34.747649 ], [ -101.622941, 35.183117 ] ] ] } },
{ "type": "Feature", "properties": { "statefp": "48", "countyfp": "495", "countyns": "01384033", "affgeoid": "0500000US48495", "geoid": "48495", "name": "Winkler", "lsad": "06", "aland": "2178481652", "awater": "414369" }, "geometry": { "type": "Polygon", "coordinates": [ [ [ -103.326501, 32.00037 ], [ -103.064423, 32.000518 ], [ -103.064422401106, 32.087051 ], [ -102.844395, 32.087062 ], [ -102.799086, 32.085795 ], [ -102.798939, 31.651783 ], [ -103.327538, 31.65142 ], [ -103.326501, 32.00037 ] ] ] } },
{ "type": "Feature", "properties": { "statefp": "48", "countyfp": "263", "countyns": "01383917", "affgeoid": "0500000US48263", "geoid": "48263", "name": "Kent", "lsad": "06", "aland": "2337482011", "awater": "1065195" }, "geometry": { "type": "Polygon", "coordinates": [ [ [ -101.038788, 33.397214 ], [ -100.517449, 33.397866 ], [ -100.519208, 32.962926 ], [ -100.65587, 32.963469 ], [ -100.990181, 32.965023 ], [ -101.03866, 32.970225 ], [ -101.038788, 33.397214 ] ] ] } },
{ "type": "Feature", "properties": { "statefp": "48", "countyfp": "379", "countyns": "01383975", "affgeoid": "0500000US48379", "geoid": "48379", "name": "Rains", "lsad": "06", "aland": "594280566", "awater": "76080004" }, "geometry": { "type": "Polygon", "coordinates": [ [ [ -95.9453, 32.979877 ], [ -95.862521, 32.979571 ], [ -95.676795, 32.97959 ], [ -95.665389, 32.960434 ], [ -95.635017, 32.72038 ], [ -95.659432, 32.711441 ], [ -95.761537, 32.770314 ], [ -95.829581, 32.766967 ], [ -95.934433, 32.837217 ], [ -95.987259, 32.876415 ], [ -95.9453, 32.979877 ] ] ] } },
{ "type": "Feature", "properties": { "statefp": "48", "countyfp": "093", "countyns": "01383832", "affgeoid": "0500000US48093", "geoid": "48093", "name": "Comanche", "lsad": "06", "aland": "2428770456", "awater": "25718009" }, "geometry": { "type": "Polygon", "coordinates": [ [ [ -98.924401, 32.078018 ], [ -98.551158, 32.261436 ], [ -98.327499, 31.941261 ], [ -98.271184, 31.969949 ], [ -98.250318, 31.979003 ], [ -98.208386, 31.917511 ], [ -98.156568, 31.841713 ], [ -98.463736, 31.683989 ], [ -98.492802, 31.723608 ], [ -98.668441, 31.700514 ], [ -98.924401, 32.078018 ] ] ] } },
{ "type": "Feature", "properties": { "statefp": "48", "countyfp": "437", "countyns": "01384004", "affgeoid": "0500000US48437", "geoid": "48437", "name": "Swisher", "lsad": "06", "aland": "2305502706", "awater": "27277987" }, "geometry": { "type": "Polygon", "coordinates": [ [ [ -101.998493, 34.74819 ], [ -101.629257, 34.747649 ], [ -101.471562, 34.747462 ], [ -101.47158, 34.31229 ], [ -101.564856, 34.312493 ], [ -101.99802, 34.313039 ], [ -101.998493, 34.74819 ] ] ] } },
{ "type": "Feature", "properties": { "statefp": "48", "countyfp": "017", "countyns": "01383794", "affgeoid": "0500000US48017", "geoid": "48017", "name": "Bailey", "lsad": "06", "aland": "2141847193", "awater": "1775275" }, "geometry": { "type": "Polygon", "coordinates": [ [ [ -103.047346, 33.824675 ], [ -103.043516, 34.079382 ], [ -103.043563920791016, 34.112834389755399 ], [ -103.043835830165008, 34.302648 ], [ -103.043850301172, 34.312749873507897 ], [ -102.61515, 34.312891 ], [ -102.615447, 33.825121 ], [ -103.047346018167005, 33.824674123151702 ], [ -103.047346, 33.824675 ] ] ] } },
{ "type": "Feature", "properties": { "statefp": "48", "countyfp": "375", "countyns": "01383973", "affgeoid": "0500000US48375", "geoid": "48375", "name": "Potter", "lsad": "06", "aland": "2352751873", "awater": "35190086" }, "geometry": { "type": "Polygon", "coordinates": [ [ [ -102.162752, 35.620035 ], [ -101.6228, 35.620196 ], [ -101.622941, 35.183117 ], [ -102.167471, 35.183233 ], [ -102.162752, 35.620035 ] ] ] } },
{ "type": "Feature", "properties": { "statefp": "48", "countyfp": "497", "countyns": "01384034", "affgeoid": "0500000US48497", "geoid": "48497", "name": "Wise", "lsad": "06", "aland": "2342363525", "awater": "47038989" }, "geometry": { "type": "Polygon", "coordinates": [ [ [ -97.918189, 33.433873 ], [ -97.487065, 33.433681 ], [ -97.406768, 33.43311 ], [ -97.383095, 33.43045 ], [ -97.39267, 33.183509 ], [ -97.39848, 32.990839 ], [ -97.544181, 32.994177 ], [ -97.679565, 32.996373 ], [ -97.921642, 33.001284 ], [ -97.918189, 33.433873 ] ] ] } },
{ "type": "Feature", "properties": { "statefp": "48", "countyfp": "025", "countyns": "01383798", "affgeoid": "0500000US48025", "geoid": "48025", "name": "Bee", "lsad": "06", "aland": "2279809504", "awater": "246409" }, "geometry": { "type": "Polygon", "coordinates": [ [ [ -98.005252, 28.690239 ], [ -97.915106, 28.719648 ], [ -97.77853, 28.668027 ], [ -97.696572, 28.541537 ], [ -97.558496, 28.514054 ], [ -97.551369, 28.450441 ], [ -97.375579, 28.388684 ], [ -97.541071, 28.164669 ], [ -97.568482, 28.129846 ], [ -97.817716, 28.176848 ], [ -97.808774, 28.183415 ], [ -98.089764, 28.662979 ], [ -98.005252, 28.690239 ] ] ] } },
{ "type": "Feature", "properties": { "statefp": "48", "countyfp": "053", "countyns": "01383812", "affgeoid": "0500000US48053", "geoid": "48053", "name": "Burnet", "lsad": "06", "aland": "2575134235", "awater": "69922923" }, "geometry": { "type": "Polygon", "coordinates": [ [ [ -98.445782, 30.921439 ], [ -98.418746, 30.92626 ], [ -98.439687, 31.029537 ], [ -97.911684, 31.034919 ], [ -97.840365, 30.929318 ], [ -97.828512, 30.906188 ], [ -97.96286, 30.785641 ], [ -98.049886, 30.624155 ], [ -98.12342, 30.486482 ], [ -98.125556, 30.426186 ], [ -98.351041, 30.486096 ], [ -98.351983, 30.558393 ], [ -98.411148, 30.574644 ], [ -98.438995, 30.673285 ], [ -98.371905, 30.740485 ], [ -98.432098, 30.78631 ], [ -98.376877, 30.83489 ], [ -98.457382, 30.878897 ], [ -98.445782, 30.921439 ] ] ] } },
{ "type": "Feature", "properties": { "statefp": "48", "countyfp": "163", "countyns": "01383867", "affgeoid": "0500000US48163", "geoid": "48163", "name": "Frio", "lsad": "06", "aland": "2935753507", "awater": "2193620" }, "geometry": { "type": "Polygon", "coordinates": [ [ [ -99.41388, 29.091335 ], [ -98.8049, 29.090434 ], [ -98.800841, 28.647487 ], [ -99.395736, 28.640784 ], [ -99.409021, 28.640566 ], [ -99.41388, 29.091335 ] ] ] } },
{ "type": "Feature", "properties": { "statefp": "48", "countyfp": "237", "countyns": "01383904", "affgeoid": "0500000US48237", "geoid": "48237", "name": "Jack", "lsad": "06", "aland": "2358611822", "awater": "24503945" }, "geometry": { "type": "Polygon", "coordinates": [ [ [ -98.420666, 33.396195 ], [ -98.421419, 33.466797 ], [ -97.978919, 33.467129 ], [ -97.978967, 33.433748 ], [ -97.918189, 33.433873 ], [ -97.921642, 33.001284 ], [ -98.056094, 33.003332 ], [ -98.426553, 33.007913 ], [ -98.420666, 33.396195 ] ] ] } },
{ "type": "Feature", "properties": { "statefp": "48", "countyfp": "173", "countyns": "01383872", "affgeoid": "0500000US48173", "geoid": "48173", "name": "Glasscock", "lsad": "06", "aland": "2331552973", "awater": "2245301" }, "geometry": { "type": "Polygon", "coordinates": [ [ [ -101.776085, 32.086925 ], [ -101.695011, 32.087532 ], [ -101.264216, 32.087136 ], [ -101.267122, 31.650854 ], [ -101.775802, 31.651319 ], [ -101.776085, 32.086925 ] ] ] } },
{ "type": "Feature", "properties": { "statefp": "48", "countyfp": "203", "countyns": "01383887", "affgeoid": "0500000US48203", "geoid": "48203", "name": "Harrison", "lsad": "06", "aland": "2330820903", "awater": "40969486" }, "geometry": { "type": "Polygon", "coordinates": [ [ [ -94.70214, 32.793088 ], [ -94.507323, 32.693738 ], [ -94.390783, 32.694377 ], [ -94.242809, 32.75073 ], [ -94.176401, 32.694694 ], [ -94.092738, 32.734269 ], [ -94.043051527617592, 32.693029976665599 ], [ -94.043083, 32.564261 ], [ -94.042788232805322, 32.392283193281202 ], [ -94.350303, 32.326614 ], [ -94.385839, 32.3672 ], [ -94.491818, 32.394137 ], [ -94.554971, 32.407603 ], [ -94.579219, 32.394916 ], [ -94.701986, 32.421782 ], [ -94.70179, 32.652209 ], [ -94.70214, 32.793088 ] ] ] } },
{ "type": "Feature", "properties": { "statefp": "48", "countyfp": "177", "countyns": "01383874", "affgeoid": "0500000US48177", "geoid": "48177", "name": "Gonzales", "lsad": "06", "aland": "2762704870", "awater": "8204086" }, "geometry": { "type": "Polygon", "coordinates": [ [ [ -97.840383, 29.376791 ], [ -97.664987, 29.60772 ], [ -97.633176, 29.649863 ], [ -97.597743, 29.630718 ], [ -97.317893, 29.784658 ], [ -97.131188, 29.643762 ], [ -97.142643, 29.628101 ], [ -97.204087, 29.580613 ], [ -97.240108, 29.384488 ], [ -97.335207, 29.315049 ], [ -97.613132, 29.109765 ], [ -97.728443, 29.221748 ], [ -97.858782, 29.35289 ], [ -97.840383, 29.376791 ] ] ] } },
{ "type": "Feature", "properties": { "statefp": "48", "countyfp": "133", "countyns": "01383852", "affgeoid": "0500000US48133", "geoid": "48133", "name": "Eastland", "lsad": "06", "aland": "2399599303", "awater": "14047796" }, "geometry": { "type": "Polygon", "coordinates": [ [ [ -99.114293, 32.514811 ], [ -99.09605, 32.514768 ], [ -98.576256, 32.515163 ], [ -98.475177, 32.513039 ], [ -98.474685, 32.299084 ], [ -98.551158, 32.261436 ], [ -98.924401, 32.078018 ], [ -99.118665, 32.079585 ], [ -99.114293, 32.514811 ] ] ] } },
{ "type": "Feature", "properties": { "statefp": "48", "countyfp": "137", "countyns": "01383854", "affgeoid": "0500000US48137", "geoid": "48137", "name": "Edwards", "lsad": "06", "aland": "5485259829", "awater": "5199800" }, "geometry": { "type": "Polygon", "coordinates": [ [ [ -100.700393, 30.288276 ], [ -100.116461, 30.290296 ], [ -99.754142, 30.290698 ], [ -99.757621, 30.074132 ], [ -99.967626, 30.082356 ], [ -100.002302, 29.896828 ], [ -100.03088, 29.848273 ], [ -100.014188, 29.623495 ], [ -100.112098, 29.623263 ], [ -100.699932, 29.623897 ], [ -100.700393, 30.288276 ] ] ] } },
{ "type": "Feature", "properties": { "statefp": "48", "countyfp": "015", "countyns": "01383793", "affgeoid": "0500000US48015", "geoid": "48015", "name": "Austin", "lsad": "06", "aland": "1674405635", "awater": "25606133" }, "geometry": { "type": "Polygon", "coordinates": [ [ [ -96.62198, 30.044283 ], [ -96.292849, 30.09615 ], [ -96.159442, 30.053832 ], [ -96.146052, 30.070224 ], [ -96.084541, 30.005137 ], [ -96.13165, 29.937504 ], [ -96.121405, 29.836652 ], [ -96.049234, 29.803187 ], [ -96.032711, 29.727944 ], [ -96.02485, 29.602877 ], [ -96.088912, 29.601658 ], [ -96.10965, 29.622524 ], [ -96.175422, 29.633806 ], [ -96.259226, 29.668912 ], [ -96.343247, 29.829697 ], [ -96.413283, 29.824985 ], [ -96.535705, 29.907326 ], [ -96.569844, 29.961516 ], [ -96.62198, 30.044283 ] ] ] } },
{ "type": "Feature", "properties": { "statefp": "48", "countyfp": "103", "countyns": "01383837", "affgeoid": "0500000US48103", "geoid": "48103", "name": "Crane", "lsad": "06", "aland": "2033319713", "awater": "1695980" }, "geometry": { "type": "Polygon", "coordinates": [ [ [ -102.767246, 31.651714 ], [ -102.31805, 31.651327 ], [ -102.301212, 31.086212 ], [ -102.388804, 31.087156 ], [ -102.429545, 31.193557 ], [ -102.523063, 31.262698 ], [ -102.600677, 31.267097 ], [ -102.676104, 31.330084 ], [ -102.767365, 31.293803 ], [ -102.767246, 31.651714 ] ] ] } },
{ "type": "Feature", "properties": { "statefp": "48", "countyfp": "059", "countyns": "01383815", "affgeoid": "0500000US48059", "geoid": "48059", "name": "Callahan", "lsad": "06", "aland": "2329363248", "awater": "4898783" }, "geometry": { "type": "Polygon", "coordinates": [ [ [ -99.629579, 32.514657 ], [ -99.612026, 32.514654 ], [ -99.114293, 32.514811 ], [ -99.118665, 32.079585 ], [ -99.195871, 32.079235 ], [ -99.631413, 32.081274 ], [ -99.629579, 32.514657 ] ] ] } },
{ "type": "Feature", "properties": { "statefp": "48", "countyfp": "071", "countyns": "01383821", "affgeoid": "0500000US48071", "geoid": "48071", "name": "Chambers", "lsad": "06", "aland": "1546618338", "awater": "709745135" }, "geometry": { "type": "Polygon", "coordinates": [ [ [ -95.015039, 29.63195 ], [ -94.913813, 29.7663 ], [ -94.908663, 29.82607 ], [ -94.98146, 29.884276 ], [ -94.442235, 29.889538 ], [ -94.357976, 29.887464 ], [ -94.354122544913693, 29.562102820174797 ], [ -94.370816, 29.555645988295002 ], [ -94.422868, 29.566256 ], [ -94.545908, 29.572503 ], [ -94.762569, 29.524162 ], [ -94.791611, 29.550416 ], [ -94.909845, 29.496441 ], [ -95.018205, 29.554597 ], [ -95.015039, 29.63195 ] ] ] } },
{ "type": "Feature", "properties": { "statefp": "48", "countyfp": "431", "countyns": "01384001", "affgeoid": "0500000US48431", "geoid": "48431", "name": "Sterling", "lsad": "06", "aland": "2391722776", "awater": "167451" }, "geometry": { "type": "Polygon", "coordinates": [ [ [ -101.267122, 31.650854 ], [ -101.264216, 32.087136 ], [ -101.183997, 32.087208 ], [ -100.821594, 32.08661 ], [ -100.82537, 31.696155 ], [ -100.861099, 31.705418 ], [ -100.865256, 31.562294 ], [ -101.26763, 31.556462 ], [ -101.267122, 31.650854 ] ] ] } },
{ "type": "Feature", "properties": { "statefp": "48", "countyfp": "077", "countyns": "01383824", "affgeoid": "0500000US48077", "geoid": "48077", "name": "Clay", "lsad": "06", "aland": "2819788075", "awater": "72590626" }, "geometry": { "type": "Polygon", "coordinates": [ [ [ -98.423533, 34.081949476005903 ], [ -98.414426, 34.085074 ], [ -98.398441, 34.128456 ], [ -98.364023, 34.157109 ], [ -98.31875, 34.146421 ], [ -98.225282, 34.127245 ], [ -98.16912, 34.114171 ], [ -98.138486025746403, 34.141206019711099 ], [ -98.123377, 34.15454 ], [ -98.099328, 34.104295 ], [ -98.099096, 34.048639 ], [ -98.082839, 34.002412 ], [ -98.005667, 33.995964 ], [ -97.947572, 33.991053 ], [ -97.953695, 33.924373 ], [ -97.951905950855192, 33.8912258148573 ], [ -97.977869, 33.888738 ], [ -97.978919, 33.467129 ], [ -98.421419, 33.466797 ], [ -98.423577, 33.836047 ], [ -98.423533, 34.081949476005903 ] ] ] } },
{ "type": "Feature", "properties": { "statefp": "48", "countyfp": "057", "countyns": "01383814", "affgeoid": "0500000US48057", "geoid": "48057", "name": "Calhoun", "lsad": "06", "aland": "1312707024", "awater": "1361884769" }, "geometry": { "type": "Polygon", "coordinates": [ [ [ -96.930367, 28.586728 ], [ -96.853757, 28.635199 ], [ -96.722814, 28.669759 ], [ -96.665707, 28.705705 ], [ -96.659864, 28.701671 ], [ -96.643442, 28.712105 ], [ -96.428394, 28.703523 ], [ -96.39954, 28.730231 ], [ -96.404445, 28.674409 ], [ -96.323522, 28.675597 ], [ -96.322731, 28.642944 ], [ -96.378533159286789, 28.389865030487901 ], [ -96.390376, 28.381815 ], [ -96.442849, 28.317666 ], [ -96.63201, 28.222821 ], [ -96.719627, 28.164594 ], [ -96.792158, 28.110497 ], [ -96.852070622730096, 28.059820861604599 ], [ -96.830928, 28.107894 ], [ -96.790512, 28.319238 ], [ -96.764132, 28.426522 ], [ -96.813494, 28.430261 ], [ -96.890951, 28.507178 ], [ -96.930367, 28.586728 ] ] ] } },
{ "type": "Feature", "properties": { "statefp": "48", "countyfp": "003", "countyns": "01383787", "affgeoid": "0500000US48003", "geoid": "48003", "name": "Andrews", "lsad": "06", "aland": "3886850342", "awater": "957039" }, "geometry": { "type": "Polygon", "coordinates": [ [ [ -103.064696, 32.522193 ], [ -102.211037, 32.523244 ], [ -102.211249, 32.0868 ], [ -102.287048, 32.086991 ], [ -102.799086, 32.085795 ], [ -102.844395, 32.087062 ], [ -103.064422401106, 32.087051 ], [ -103.064422, 32.145006 ], [ -103.064696, 32.522193 ] ] ] } },
{ "type": "Feature", "properties": { "statefp": "48", "countyfp": "287", "countyns": "01383929", "affgeoid": "0500000US48287", "geoid": "48287", "name": "Lee", "lsad": "06", "aland": "1629205103", "awater": "13106451" }, "geometry": { "type": "Polygon", "coordinates": [ [ [ -97.334463, 30.402843 ], [ -97.155219, 30.457344 ], [ -96.963629, 30.557169 ], [ -96.918902, 30.539212 ], [ -96.87711, 30.447945 ], [ -96.743672, 30.319757 ], [ -96.640883, 30.296786 ], [ -96.734469, 30.241229 ], [ -96.794552, 30.160545 ], [ -96.845857, 30.116027 ], [ -97.018379, 30.032406 ], [ -97.024461, 30.051435 ], [ -97.081834, 30.259357 ], [ -97.158811, 30.310695 ], [ -97.199578, 30.337833 ], [ -97.251707, 30.362848 ], [ -97.334463, 30.402843 ] ] ] } },
{ "type": "Feature", "properties": { "statefp": "48", "countyfp": "041", "countyns": "01383806", "affgeoid": "0500000US48041", "geoid": "48041", "name": "Brazos", "lsad": "06", "aland": "1516471988", "awater": "14824446" }, "geometry": { "type": "Polygon", "coordinates": [ [ [ -96.566983, 30.69567 ], [ -96.45763, 30.744474 ], [ -96.338001, 30.920531 ], [ -96.24102, 30.973737 ], [ -96.207477, 30.947081 ], [ -96.16837, 30.822997 ], [ -96.187765, 30.598737 ], [ -96.121806, 30.443426 ], [ -96.079969, 30.43003 ], [ -96.147255, 30.38284 ], [ -96.15463, 30.330288 ], [ -96.178661, 30.394718 ], [ -96.272455, 30.358468 ], [ -96.299173, 30.379152 ], [ -96.272049, 30.416145 ], [ -96.340875, 30.474543 ], [ -96.358817, 30.541753 ], [ -96.510494, 30.627828 ], [ -96.601831, 30.641926 ], [ -96.566983, 30.69567 ] ] ] } },
{ "type": "Feature", "properties": { "statefp": "48", "countyfp": "277", "countyns": "01383925", "affgeoid": "0500000US48277", "geoid": "48277", "name": "Lamar", "lsad": "06", "aland": "2349588917", "awater": "67136455" }, "geometry": { "type": "Polygon", "coordinates": [ [ [ -95.855013, 33.827992 ], [ -95.844878534070702, 33.860421904718997 ], [ -95.820596, 33.858465 ], [ -95.78963931775229, 33.872437384672295 ], [ -95.737508, 33.895967 ], [ -95.669978, 33.905844 ], [ -95.603657, 33.927195 ], [ -95.556915, 33.92702 ], [ -95.525322, 33.885487 ], [ -95.44737, 33.86885 ], [ -95.352338, 33.867789 ], [ -95.310449795449088, 33.873843038185498 ], [ -95.308637, 33.380662 ], [ -95.416898, 33.412194 ], [ -95.491897, 33.455337 ], [ -95.603675, 33.484721 ], [ -95.671634, 33.472636 ], [ -95.761076, 33.495387 ], [ -95.826979, 33.458968 ], [ -95.857738, 33.461722 ], [ -95.855013, 33.827992 ] ] ] } },
{ "type": "Feature", "properties": { "statefp": "48", "countyfp": "095", "countyns": "01383833", "affgeoid": "0500000US48095", "geoid": "48095", "name": "Concho", "lsad": "06", "aland": "2547913999", "awater": "25740027" }, "geometry": { "type": "Polygon", "coordinates": [ [ [ -100.111234, 31.580267 ], [ -99.721698, 31.576759 ], [ -99.62492, 31.467442 ], [ -99.60185, 31.49195 ], [ -99.603223, 31.087296 ], [ -100.115216, 31.087994 ], [ -100.111234, 31.580267 ] ] ] } },
{ "type": "Feature", "properties": { "statefp": "48", "countyfp": "355", "countyns": "01383963", "affgeoid": "0500000US48355", "geoid": "48355", "name": "Nueces", "lsad": "06", "aland": "2171223720", "awater": "847262030" }, "geometry": { "type": "Polygon", "coordinates": [ [ [ -97.934274, 27.885202 ], [ -97.798517, 27.995659 ], [ -97.806798, 27.934712 ], [ -97.691074, 27.917353 ], [ -97.67528, 27.882538 ], [ -97.638174, 27.865594 ], [ -97.609593, 27.890377 ], [ -97.589473, 27.856101 ], [ -97.542622, 27.858315 ], [ -97.485519, 27.862797 ], [ -97.337677, 27.883165 ], [ -97.359997, 27.850766 ], [ -97.250796, 27.876718 ], [ -97.188659, 27.823885 ], [ -97.165617, 27.838213 ], [ -97.186987, 27.825489 ], [ -97.136312, 27.90439 ], [ -97.095713, 27.957835 ], [ -97.0436840836865, 27.836532353471799 ], [ -97.044846, 27.834466 ], [ -97.090735, 27.785888 ], [ -97.140854, 27.716688 ], [ -97.212679, 27.59642 ], [ -97.222991407531794, 27.576607316479599 ], [ -97.325216, 27.560896 ], [ -97.840678, 27.558358 ], [ -97.942146, 27.635932 ], [ -97.934274, 27.885202 ] ] ] } },
{ "type": "Feature", "properties": { "statefp": "48", "countyfp": "347", "countyns": "01383959", "affgeoid": "0500000US48347", "geoid": "48347", "name": "Nacogdoches", "lsad": "06", "aland": "2451572359", "awater": "89731152" }, "geometry": { "type": "Polygon", "coordinates": [ [ [ -94.937532, 31.845555 ], [ -94.452416, 31.844281 ], [ -94.432715, 31.82221 ], [ -94.399091, 31.653596 ], [ -94.311042, 31.589252 ], [ -94.300622, 31.526458 ], [ -94.33119, 31.362966 ], [ -94.339773, 31.24082 ], [ -94.326616, 31.224754 ], [ -94.396017, 31.302356 ], [ -94.449422, 31.321337 ], [ -94.495874, 31.405728 ], [ -94.544888, 31.431715 ], [ -94.728679, 31.457226 ], [ -94.865857, 31.526916 ], [ -94.924219, 31.579487 ], [ -94.978128, 31.793294 ], [ -94.937532, 31.845555 ] ] ] } },
{ "type": "Feature", "properties": { "statefp": "48", "countyfp": "097", "countyns": "01383834", "affgeoid": "0500000US48097", "geoid": "48097", "name": "Cooke", "lsad": "06", "aland": "2265775270", "awater": "61333916" }, "geometry": { "type": "Polygon", "coordinates": [ [ [ -97.484143438587594, 33.913889108890899 ], [ -97.451469, 33.87093 ], [ -97.444193, 33.823773 ], [ -97.372941, 33.819454 ], [ -97.318243, 33.865121 ], [ -97.24618, 33.900344 ], [ -97.206141, 33.91428 ], [ -97.166629, 33.847311 ], [ -97.205652, 33.809824 ], [ -97.149394, 33.721967 ], [ -97.091072, 33.735115 ], [ -97.087852, 33.774099 ], [ -97.07859, 33.812756 ], [ -97.055838, 33.855741 ], [ -96.985567, 33.886522 ], [ -96.988745, 33.918468 ], [ -96.952313, 33.944582 ], [ -96.94461688837049, 33.945013250454004 ], [ -96.94386, 33.41641 ], [ -97.383095, 33.43045 ], [ -97.406768, 33.43311 ], [ -97.487065, 33.433681 ], [ -97.484143438587594, 33.913889108890899 ] ] ] } },
{ "type": "Feature", "properties": { "statefp": "48", "countyfp": "207", "countyns": "01383889", "affgeoid": "0500000US48207", "geoid": "48207", "name": "Haskell", "lsad": "06", "aland": "2339103815", "awater": "18465208" }, "geometry": { "type": "Polygon", "coordinates": [ [ [ -99.99098, 33.397404 ], [ -99.472444, 33.399023 ], [ -99.471258, 32.957025 ], [ -99.612001, 32.956962 ], [ -99.988827, 32.960121 ], [ -99.99098, 33.397404 ] ] ] } },
{ "type": "Feature", "properties": { "statefp": "48", "countyfp": "407", "countyns": "01383989", "affgeoid": "0500000US48407", "geoid": "48407", "name": "San Jacinto", "lsad": "06", "aland": "1474332262", "awater": "151949236" }, "geometry": { "type": "Polygon", "coordinates": [ [ [ -95.32748, 30.859547 ], [ -95.252385, 30.906719 ], [ -95.20018, 30.824566 ], [ -95.131205, 30.781703 ], [ -95.135384, 30.693816 ], [ -95.054602, 30.680173 ], [ -94.965729, 30.576586 ], [ -94.829984, 30.541112 ], [ -94.849414, 30.493553 ], [ -94.85252, 30.482907 ], [ -95.165897, 30.344976 ], [ -95.226139, 30.31954 ], [ -95.203813, 30.352095 ], [ -95.308395, 30.40575 ], [ -95.359156, 30.504369 ], [ -95.32748, 30.859547 ] ] ] } },
{ "type": "Feature", "properties": { "statefp": "48", "countyfp": "507", "countyns": "01384039", "affgeoid": "0500000US48507", "geoid": "48507", "name": "Zavala", "lsad": "06", "aland": "3360268880", "awater": "11208707" }, "geometry": { "type": "Polygon", "coordinates": [ [ [ -100.111406, 29.086318 ], [ -99.41388, 29.091335 ], [ -99.409021, 28.640566 ], [ -100.114336, 28.648122 ], [ -100.111406, 29.086318 ] ] ] } },
{ "type": "Feature", "properties": { "statefp": "48", "countyfp": "339", "countyns": "01383955", "affgeoid": "0500000US48339", "geoid": "48339", "name": "Montgomery", "lsad": "06", "aland": "2700317493", "awater": "88817300" }, "geometry": { "type": "Polygon", "coordinates": [ [ [ -95.83024, 30.630284 ], [ -95.598971, 30.509002 ], [ -95.359156, 30.504369 ], [ -95.308395, 30.40575 ], [ -95.203813, 30.352095 ], [ -95.226139, 30.31954 ], [ -95.165897, 30.344976 ], [ -95.096708, 30.167214 ], [ -95.292681, 30.027761 ], [ -95.405443, 30.092076 ], [ -95.491123, 30.110368 ], [ -95.500893, 30.143403 ], [ -95.551421, 30.170606 ], [ -95.57463, 30.151783 ], [ -95.691213, 30.098728 ], [ -95.80333, 30.090096 ], [ -95.804306, 30.24557 ], [ -95.83024, 30.630284 ] ] ] } },
{ "type": "Feature", "properties": { "statefp": "48", "countyfp": "175", "countyns": "01383873", "affgeoid": "0500000US48175", "geoid": "48175", "name": "Goliad", "lsad": "06", "aland": "2206698586", "awater": "19050015" }, "geometry": { "type": "Polygon", "coordinates": [ [ [ -97.77853, 28.668027 ], [ -97.574639, 28.8133 ], [ -97.41734, 28.925228 ], [ -97.305916, 28.864037 ], [ -97.202759, 28.853849 ], [ -97.158933, 28.776156 ], [ -97.182359, 28.610602 ], [ -97.160751, 28.553475 ], [ -97.375579, 28.388684 ], [ -97.551369, 28.450441 ], [ -97.558496, 28.514054 ], [ -97.696572, 28.541537 ], [ -97.77853, 28.668027 ] ] ] } },
{ "type": "Feature", "properties": { "statefp": "48", "countyfp": "067", "countyns": "01383819", "affgeoid": "0500000US48067", "geoid": "48067", "name": "Cass", "lsad": "06", "aland": "2426706440", "awater": "60517774" }, "geometry": { "type": "Polygon", "coordinates": [ [ [ -94.65226, 33.268861 ], [ -94.572463, 33.249826 ], [ -94.517868, 33.282096 ], [ -94.415739, 33.284017 ], [ -94.379409, 33.255651 ], [ -94.231333, 33.241073 ], [ -94.218517, 33.296936 ], [ -94.042945847176, 33.271242084139807 ], [ -94.042719, 33.160291 ], [ -94.042964, 33.019219 ], [ -94.043002621563318, 32.881088978923998 ], [ -94.653994, 32.879506 ], [ -94.65226, 33.268861 ] ] ] } },
{ "type": "Feature", "properties": { "statefp": "48", "countyfp": "427", "countyns": "01383999", "affgeoid": "0500000US48427", "geoid": "48427", "name": "Starr", "lsad": "06", "aland": "3168019245", "awater": "15346371" }, "geometry": { "type": "Polygon", "coordinates": [ [ [ -99.176816092381102, 26.569660555373598 ], [ -99.011112, 26.675023 ], [ -98.95423, 26.785694 ], [ -98.422616, 26.783535 ], [ -98.32067, 26.783081 ], [ -98.491943, 26.445362 ], [ -98.593300218279197, 26.242936348676601 ], [ -98.613465, 26.252028 ], [ -98.654221, 26.23596 ], [ -98.698856, 26.265619 ], [ -98.779912, 26.326542 ], [ -98.807348, 26.369421 ], [ -98.890965, 26.357569 ], [ -98.958325, 26.394056 ], [ -99.032316, 26.412082 ], [ -99.082002, 26.39651 ], [ -99.110855, 26.426278 ], [ -99.091635, 26.476977 ], [ -99.105031, 26.500335 ], [ -99.171404, 26.549848 ], [ -99.176816092381102, 26.569660555373598 ] ] ] } },
{ "type": "Feature", "properties": { "statefp": "48", "countyfp": "223", "countyns": "01383897", "affgeoid": "0500000US48223", "geoid": "48223", "name": "Hopkins", "lsad": "06", "aland": "1987018121", "awater": "66250826" }, "geometry": { "type": "Polygon", "coordinates": [ [ [ -95.861778, 33.21933 ], [ -95.786682, 33.253997 ], [ -95.731056, 33.305222 ], [ -95.720231, 33.299411 ], [ -95.673722, 33.302117 ], [ -95.584549, 33.359344 ], [ -95.501827, 33.347865 ], [ -95.308593, 33.37719 ], [ -95.308957, 32.962572 ], [ -95.665389, 32.960434 ], [ -95.676795, 32.97959 ], [ -95.862521, 32.979571 ], [ -95.861778, 33.21933 ] ] ] } },
{ "type": "Feature", "properties": { "statefp": "48", "countyfp": "485", "countyns": "01384028", "affgeoid": "0500000US48485", "geoid": "48485", "name": "Wichita", "lsad": "06", "aland": "1625943418", "awater": "13820243" }, "geometry": { "type": "Polygon", "coordinates": [ [ [ -98.952324887528192, 34.204669898603498 ], [ -98.94022, 34.203686 ], [ -98.872229, 34.160446 ], [ -98.80681, 34.155901 ], [ -98.737232, 34.130992 ], [ -98.690072, 34.133155 ], [ -98.648073, 34.164441 ], [ -98.610351781644695, 34.156209939496698 ], [ -98.577136, 34.148962 ], [ -98.5282, 34.094961 ], [ -98.475066, 34.064269 ], [ -98.423533, 34.081949476005903 ], [ -98.423577, 33.836047 ], [ -98.953088, 33.834 ], [ -98.952324887528192, 34.204669898603498 ] ] ] } },
{ "type": "Feature", "properties": { "statefp": "48", "countyfp": "357", "countyns": "01383964", "affgeoid": "0500000US48357", "geoid": "48357", "name": "Ochiltree", "lsad": "06", "aland": "2376792102", "awater": "1331778" }, "geometry": { "type": "Polygon", "coordinates": [ [ [ -101.085156, 36.499244 ], [ -100.954152157693017, 36.499529496626202 ], [ -100.884174, 36.499682 ], [ -100.592614, 36.499469 ], [ -100.546145126097016, 36.4995051393038 ], [ -100.546724, 36.056536 ], [ -101.085716, 36.057572 ], [ -101.085156, 36.499244 ] ] ] } },
{ "type": "Feature", "properties": { "statefp": "48", "countyfp": "023", "countyns": "01383797", "affgeoid": "0500000US48023", "geoid": "48023", "name": "Baylor", "lsad": "06", "aland": "2246768188", "awater": "86991036" }, "geometry": { "type": "Polygon", "coordinates": [ [ [ -99.47565, 33.834005 ], [ -98.953088, 33.834 ], [ -98.953938, 33.397534 ], [ -99.472444, 33.399023 ], [ -99.474498, 33.733849 ], [ -99.47565, 33.834005 ] ] ] } },
{ "type": "Feature", "properties": { "statefp": "48", "countyfp": "401", "countyns": "01383986", "affgeoid": "0500000US48401", "geoid": "48401", "name": "Rusk", "lsad": "06", "aland": "2393244478", "awater": "37217197" }, "geometry": { "type": "Polygon", "coordinates": [ [ [ -94.985411, 32.37082 ], [ -94.591703, 32.365572 ], [ -94.579219, 32.394916 ], [ -94.554971, 32.407603 ], [ -94.491818, 32.394137 ], [ -94.530714, 32.271842 ], [ -94.5805, 32.201363 ], [ -94.599978, 31.973193 ], [ -94.511431, 31.973984 ], [ -94.511137, 31.923879 ], [ -94.452416, 31.844281 ], [ -94.937532, 31.845555 ], [ -94.984768, 31.846144 ], [ -94.985272, 32.137989 ], [ -94.985411, 32.37082 ] ] ] } },
{ "type": "Feature", "properties": { "statefp": "48", "countyfp": "065", "countyns": "01383818", "affgeoid": "0500000US48065", "geoid": "48065", "name": "Carson", "lsad": "06", "aland": "2383359749", "awater": "10064086" }, "geometry": { "type": "Polygon", "coordinates": [ [ [ -101.6228, 35.620196 ], [ -101.622831, 35.624057 ], [ -101.086068, 35.625267 ], [ -101.085935, 35.619102 ], [ -101.086281, 35.18214 ], [ -101.622941, 35.183117 ], [ -101.6228, 35.620196 ] ] ] } },
{ "type": "Feature", "properties": { "statefp": "48", "countyfp": "027", "countyns": "01383799", "affgeoid": "0500000US48027", "geoid": "48027", "name": "Bell", "lsad": "06", "aland": "2721755826", "awater": "95727690" }, "geometry": { "type": "Polygon", "coordinates": [ [ [ -97.9071, 31.069374 ], [ -97.846428, 31.10061 ], [ -97.815854, 31.11621 ], [ -97.418606, 31.320202 ], [ -97.343426, 31.244215 ], [ -97.278113, 31.279799 ], [ -97.070188, 30.98622 ], [ -97.259082, 30.889596 ], [ -97.315507, 30.752371 ], [ -97.62491, 30.870334 ], [ -97.828512, 30.906188 ], [ -97.840365, 30.929318 ], [ -97.911684, 31.034919 ], [ -97.9071, 31.069374 ] ] ] } },
{ "type": "Feature", "properties": { "statefp": "48", "countyfp": "201", "countyns": "01383886", "affgeoid": "0500000US48201", "geoid": "48201", "name": "Harris", "lsad": "06", "aland": "4415733152", "awater": "187863191" }, "geometry": { "type": "Polygon", "coordinates": [ [ [ -95.844741, 30.088914 ], [ -95.80333, 30.090096 ], [ -95.691213, 30.098728 ], [ -95.57463, 30.151783 ], [ -95.551421, 30.170606 ], [ -95.500893, 30.143403 ], [ -95.491123, 30.110368 ], [ -95.405443, 30.092076 ], [ -95.292681, 30.027761 ], [ -95.096708, 30.167214 ], [ -95.035692, 30.005064 ], [ -95.026772, 29.996739 ], [ -94.999834, 29.991322 ], [ -94.98146, 29.884276 ], [ -94.908663, 29.82607 ], [ -94.913813, 29.7663 ], [ -95.015039, 29.63195 ], [ -95.018205, 29.554597 ], [ -95.065065, 29.558478 ], [ -95.117139, 29.508031 ], [ -95.163927, 29.498051 ], [ -95.200985, 29.563212 ], [ -95.213826, 29.555325 ], [ -95.216422, 29.55608 ], [ -95.253856, 29.553778 ], [ -95.286493, 29.597886 ], [ -95.297411, 29.596522 ], [ -95.331146, 29.599108 ], [ -95.424118, 29.580233 ], [ -95.446339, 29.590698 ], [ -95.571345, 29.648741 ], [ -95.621848, 29.673572 ], [ -95.652144, 29.690946 ], [ -95.654265, 29.691655 ], [ -95.687082, 29.710078 ], [ -95.688349, 29.710862 ], [ -95.751446, 29.746472 ], [ -95.82622, 29.78828 ], [ -95.960733, 30.163415 ], [ -95.844741, 30.088914 ] ] ] } },
{ "type": "Feature", "properties": { "statefp": "48", "countyfp": "217", "countyns": "01383894", "affgeoid": "0500000US48217", "geoid": "48217", "name": "Hill", "lsad": "06", "aland": "2483455057", "awater": "69547484" }, "geometry": { "type": "Polygon", "coordinates": [ [ [ -97.476086, 32.17346 ], [ -97.462821, 32.184683 ], [ -97.086191, 32.265451 ], [ -96.940656, 32.052087 ], [ -96.896209, 32.073977 ], [ -96.719114, 31.814887 ], [ -96.932215, 31.708887 ], [ -97.037266, 31.863079 ], [ -97.277265, 31.745492 ], [ -97.32653, 31.78836 ], [ -97.28206, 31.843152 ], [ -97.382848, 31.870788 ], [ -97.438765, 31.933506 ], [ -97.379992, 31.97274 ], [ -97.485968, 32.017611 ], [ -97.476086, 32.17346 ] ] ] } },
{ "type": "Feature", "properties": { "statefp": "48", "countyfp": "229", "countyns": "01383900", "affgeoid": "0500000US48229", "geoid": "48229", "name": "Hudspeth", "lsad": "06", "aland": "11837605523", "awater": "2189943" }, "geometry": { "type": "Polygon", "coordinates": [ [ [ -105.997971151664004, 32.001974590699 ], [ -105.750527, 32.002206 ], [ -105.153994, 32.000497 ], [ -104.918356994280003, 32.000472073073503 ], [ -104.91289, 31.62512 ], [ -104.916487, 30.821034 ], [ -104.917163, 30.663626 ], [ -104.980753891325008, 30.628812018788299 ], [ -105.00124, 30.672583 ], [ -105.062334, 30.686303 ], [ -105.098282, 30.718914 ], [ -105.160153, 30.757059 ], [ -105.21866, 30.801567 ], [ -105.314863, 30.816961 ], [ -105.394242, 30.852979 ], [ -105.399609, 30.888941 ], [ -105.488027, 30.943278 ], [ -105.55743, 30.990229 ], [ -105.579542, 31.035396 ], [ -105.627349, 31.098545 ], [ -105.709491, 31.136375 ], [ -105.773257, 31.166897 ], [ -105.794386, 31.20224 ], [ -105.869353, 31.288634 ], [ -105.938452, 31.318735 ], [ -105.953943, 31.364749 ], [ -105.996429378287004, 31.387840129512597 ], [ -105.954328, 31.423468 ], [ -105.993255, 31.478392 ], [ -105.994756, 31.679688 ], [ -105.997971151664004, 32.001974590699 ] ] ] } },
{ "type": "Feature", "properties": { "statefp": "48", "countyfp": "167", "countyns": "01383869", "affgeoid": "0500000US48167", "geoid": "48167", "name": "Galveston", "lsad": "06", "aland": "981478578", "awater": "1281645343" }, "geometry": { "type": "Polygon", "coordinates": [ [ [ -95.216422, 29.55608 ], [ -95.213826, 29.555325 ], [ -95.200985, 29.563212 ], [ -95.163927, 29.498051 ], [ -95.117139, 29.508031 ], [ -95.065065, 29.558478 ], [ -95.018205, 29.554597 ], [ -94.909845, 29.496441 ], [ -94.791611, 29.550416 ], [ -94.762569, 29.524162 ], [ -94.545908, 29.572503 ], [ -94.422868, 29.566256 ], [ -94.370816, 29.555645988295002 ], [ -94.500807, 29.505367 ], [ -94.594853, 29.467903 ], [ -94.670389, 29.43078 ], [ -94.731047, 29.369141 ], [ -94.72253, 29.331446 ], [ -94.803695, 29.279237 ], [ -95.026219, 29.148064 ], [ -95.11505050559829, 29.075552022478703 ], [ -95.056499, 29.199977 ], [ -95.19219, 29.404367 ], [ -95.233081, 29.465566 ], [ -95.216422, 29.55608 ] ] ] } },
{ "type": "Feature", "properties": { "statefp": "48", "countyfp": "073", "countyns": "01383822", "affgeoid": "0500000US48073", "geoid": "48073", "name": "Cherokee", "lsad": "06", "aland": "2727141725", "awater": "23873001" }, "geometry": { "type": "Polygon", "coordinates": [ [ [ -95.459908, 32.135559 ], [ -94.985272, 32.137989 ], [ -94.984768, 31.846144 ], [ -94.937532, 31.845555 ], [ -94.978128, 31.793294 ], [ -94.924219, 31.579487 ], [ -94.865857, 31.526916 ], [ -95.003345, 31.42571 ], [ -95.101382, 31.469887 ], [ -95.099966, 31.518869 ], [ -95.168509, 31.583671 ], [ -95.273203, 31.592886 ], [ -95.258859, 31.609959 ], [ -95.275849, 31.657229 ], [ -95.396531, 31.765266 ], [ -95.412908, 31.835157 ], [ -95.446747, 31.843116 ], [ -95.423832, 31.932009 ], [ -95.446449, 31.998517 ], [ -95.428512, 32.084475 ], [ -95.459908, 32.135559 ] ] ] } },
{ "type": "Feature", "properties": { "statefp": "48", "countyfp": "079", "countyns": "01383825", "affgeoid": "0500000US48079", "geoid": "48079", "name": "Cochran", "lsad": "06", "aland": "2007453829", "awater": "229068" }, "geometry": { "type": "Polygon", "coordinates": [ [ [ -103.052610516564002, 33.5705747764422 ], [ -103.05261, 33.570599 ], [ -103.047346018167005, 33.824674123151702 ], [ -102.615447, 33.825121 ], [ -102.594836, 33.388489 ], [ -103.056495064338009, 33.388414214620596 ], [ -103.052610516564002, 33.5705747764422 ] ] ] } },
{ "type": "Feature", "properties": { "statefp": "48", "countyfp": "081", "countyns": "01383826", "affgeoid": "0500000US48081", "geoid": "48081", "name": "Coke", "lsad": "06", "aland": "2360696264", "awater": "42788774" }, "geometry": { "type": "Polygon", "coordinates": [ [ [ -100.821594, 32.08661 ], [ -100.665353, 32.085407 ], [ -100.271675, 32.081432 ], [ -100.235137, 32.082372 ], [ -100.235761, 31.69297 ], [ -100.82537, 31.696155 ], [ -100.821594, 32.08661 ] ] ] } },
{ "type": "Feature", "properties": { "statefp": "48", "countyfp": "089", "countyns": "01383830", "affgeoid": "0500000US48089", "geoid": "48089", "name": "Colorado", "lsad": "06", "aland": "2487123844", "awater": "34710043" }, "geometry": { "type": "Polygon", "coordinates": [ [ [ -96.874222, 29.632706 ], [ -96.569844, 29.961516 ], [ -96.535705, 29.907326 ], [ -96.413283, 29.824985 ], [ -96.343247, 29.829697 ], [ -96.259226, 29.668912 ], [ -96.175422, 29.633806 ], [ -96.307672, 29.514523 ], [ -96.349217, 29.406052 ], [ -96.640315, 29.247804 ], [ -96.658466, 29.263876 ], [ -96.560555, 29.335439 ], [ -96.793132, 29.577378 ], [ -96.874222, 29.632706 ] ] ] } },
{ "type": "Feature", "properties": { "statefp": "48", "countyfp": "091", "countyns": "01383831", "affgeoid": "0500000US48091", "geoid": "48091", "name": "Comal", "lsad": "06", "aland": "1449127320", "awater": "39800429" }, "geometry": { "type": "Polygon", "coordinates": [ [ [ -98.646124, 29.745181 ], [ -98.414018, 29.937557 ], [ -98.2976, 30.037994 ], [ -98.12127, 29.912844 ], [ -98.030523, 29.848539 ], [ -98.01518, 29.801485 ], [ -97.999271, 29.752444 ], [ -98.089941, 29.683479 ], [ -98.19763, 29.638128 ], [ -98.310928, 29.594473 ], [ -98.31095, 29.59456 ], [ -98.328651, 29.608233 ], [ -98.378068, 29.662613 ], [ -98.352589, 29.734365 ], [ -98.443852, 29.71965 ], [ -98.445448, 29.735636 ], [ -98.550489, 29.760713 ], [ -98.646124, 29.745181 ] ] ] } },
{ "type": "Feature", "properties": { "statefp": "48", "countyfp": "099", "countyns": "01383835", "affgeoid": "0500000US48099", "geoid": "48099", "name": "Coryell", "lsad": "06", "aland": "2725199226", "awater": "11781488" }, "geometry": { "type": "Polygon", "coordinates": [ [ [ -98.180006, 31.463717 ], [ -97.766431, 31.672461 ], [ -97.689834, 31.711019 ], [ -97.60523, 31.587762 ], [ -97.418606, 31.320202 ], [ -97.815854, 31.11621 ], [ -97.846428, 31.10061 ], [ -97.9071, 31.069374 ], [ -98.180006, 31.463717 ] ] ] } },
{ "type": "Feature", "properties": { "statefp": "48", "countyfp": "105", "countyns": "01383838", "affgeoid": "0500000US48105", "geoid": "48105", "name": "Crockett", "lsad": "06", "aland": "7270935065", "awater": "53329" }, "geometry": { "type": "Polygon", "coordinates": [ [ [ -102.301212, 31.086212 ], [ -101.776191, 31.079784 ], [ -101.274799, 31.079379 ], [ -100.962176, 31.08249 ], [ -100.960587, 30.706071 ], [ -100.960643, 30.287776 ], [ -101.7584, 30.288044 ], [ -101.65853, 30.357861 ], [ -101.740429, 30.420897 ], [ -101.646245, 30.560763 ], [ -101.652446, 30.620471 ], [ -101.76842, 30.653077 ], [ -101.80742, 30.699504 ], [ -101.883436, 30.925647 ], [ -101.98364, 30.98717 ], [ -102.191731, 31.003788 ], [ -102.202032, 31.031026 ], [ -102.292681, 31.036677 ], [ -102.388804, 31.087156 ], [ -102.301212, 31.086212 ] ] ] } },
{ "type": "Feature", "properties": { "statefp": "48", "countyfp": "119", "countyns": "01383846", "affgeoid": "0500000US48119", "geoid": "48119", "name": "Delta", "lsad": "06", "aland": "665174292", "awater": "54666016" }, "geometry": { "type": "Polygon", "coordinates": [ [ [ -95.858723, 33.40953 ], [ -95.857738, 33.461722 ], [ -95.826979, 33.458968 ], [ -95.761076, 33.495387 ], [ -95.671634, 33.472636 ], [ -95.603675, 33.484721 ], [ -95.491897, 33.455337 ], [ -95.416898, 33.412194 ], [ -95.308637, 33.380662 ], [ -95.30664, 33.378027 ], [ -95.308593, 33.37719 ], [ -95.501827, 33.347865 ], [ -95.584549, 33.359344 ], [ -95.673722, 33.302117 ], [ -95.720231, 33.299411 ], [ -95.731056, 33.305222 ], [ -95.786682, 33.253997 ], [ -95.861778, 33.21933 ], [ -95.858723, 33.40953 ] ] ] } },
{ "type": "Feature", "properties": { "statefp": "48", "countyfp": "425", "countyns": "01383998", "affgeoid": "0500000US48425", "geoid": "48425", "name": "Somervell", "lsad": "06", "aland": "482938558", "awater": "14221312" }, "geometry": { "type": "Polygon", "coordinates": [ [ [ -97.945625, 32.233468 ], [ -97.78276, 32.316493 ], [ -97.615286, 32.318618 ], [ -97.615055, 32.203581 ], [ -97.642178, 32.201296 ], [ -97.864864, 32.087328 ], [ -97.945625, 32.233468 ] ] ] } },
{ "type": "Feature", "properties": { "statefp": "48", "countyfp": "215", "countyns": "01383893", "affgeoid": "0500000US48215", "geoid": "48215", "name": "Hidalgo", "lsad": "06", "aland": "4068610437", "awater": "31102594" }, "geometry": { "type": "Polygon", "coordinates": [ [ [ -98.593300218279197, 26.242936348676601 ], [ -98.491943, 26.445362 ], [ -98.32067, 26.783081 ], [ -97.985494, 26.780917 ], [ -97.985303, 26.615809 ], [ -97.957405, 26.611769 ], [ -98.004189, 26.448784 ], [ -97.86192, 26.433579 ], [ -97.861875, 26.348156 ], [ -97.861875, 26.120295 ], [ -97.862281563106293, 26.057746828440198 ], [ -97.871187, 26.058083 ], [ -97.944345, 26.059621 ], [ -98.010971, 26.063863 ], [ -98.039239, 26.041275 ], [ -98.091038, 26.059169 ], [ -98.149463, 26.055813 ], [ -98.197046, 26.056153 ], [ -98.204953955592387, 26.0587423360004 ], [ -98.248806, 26.073101 ], [ -98.302979, 26.11005 ], [ -98.308200117045899, 26.113032551028699 ], [ -98.386694, 26.157872 ], [ -98.442536, 26.199151 ], [ -98.503492, 26.214798 ], [ -98.576188, 26.235221 ], [ -98.593300218279197, 26.242936348676601 ] ] ] } },
{ "type": "Feature", "properties": { "statefp": "48", "countyfp": "265", "countyns": "01383918", "affgeoid": "0500000US48265", "geoid": "48265", "name": "Kerr", "lsad": "06", "aland": "2857602924", "awater": "10246419" }, "geometry": { "type": "Polygon", "coordinates": [ [ [ -99.754142, 30.290698 ], [ -99.301718, 30.286653 ], [ -99.300988, 30.134298 ], [ -98.920147, 30.13829 ], [ -98.917725, 29.781398 ], [ -99.176988, 29.895063 ], [ -99.602776, 29.907679 ], [ -99.691215, 29.908582 ], [ -99.689879, 30.073948 ], [ -99.757621, 30.074132 ], [ -99.754142, 30.290698 ] ] ] } },
{ "type": "Feature", "properties": { "statefp": "48", "countyfp": "233", "countyns": "01383902", "affgeoid": "0500000US48233", "geoid": "48233", "name": "Hutchinson", "lsad": "06", "aland": "2298408148", "awater": "19507501" }, "geometry": { "type": "Polygon", "coordinates": [ [ [ -101.623466, 36.055405 ], [ -101.085735, 36.055276 ], [ -101.086068, 35.625267 ], [ -101.622831, 35.624057 ], [ -101.623466, 36.055405 ] ] ] } },
{ "type": "Feature", "properties": { "statefp": "48", "countyfp": "157", "countyns": "01383864", "affgeoid": "0500000US48157", "geoid": "48157", "name": "Fort Bend", "lsad": "06", "aland": "2231423107", "awater": "61595965" }, "geometry": { "type": "Polygon", "coordinates": [ [ [ -96.088912, 29.601658 ], [ -96.02485, 29.602877 ], [ -96.032711, 29.727944 ], [ -95.97094, 29.728554 ], [ -95.82622, 29.78828 ], [ -95.751446, 29.746472 ], [ -95.688349, 29.710862 ], [ -95.687082, 29.710078 ], [ -95.654265, 29.691655 ], [ -95.652144, 29.690946 ], [ -95.621848, 29.673572 ], [ -95.571345, 29.648741 ], [ -95.446339, 29.590698 ], [ -95.424118, 29.580233 ], [ -95.443224, 29.510214 ], [ -95.462503, 29.43924 ], [ -95.549994, 29.438439 ], [ -95.579598, 29.340129 ], [ -95.625863, 29.293349 ], [ -95.752866, 29.324503 ], [ -95.847656, 29.26259 ], [ -95.94681, 29.333433 ], [ -95.97343, 29.411445 ], [ -96.059627, 29.473329 ], [ -96.044596, 29.562238 ], [ -96.088912, 29.601658 ] ] ] } },
{ "type": "Feature", "properties": { "statefp": "48", "countyfp": "345", "countyns": "01383958", "affgeoid": "0500000US48345", "geoid": "48345", "name": "Motley", "lsad": "06", "aland": "2562963901", "awater": "644140" }, "geometry": { "type": "Polygon", "coordinates": [ [ [ -101.041484, 34.312444 ], [ -100.946132, 34.312759 ], [ -100.51734, 34.314102 ], [ -100.518691, 33.83565 ], [ -101.041158, 33.833625 ], [ -101.041437, 34.130796 ], [ -101.041484, 34.312444 ] ] ] } },
{ "type": "Feature", "properties": { "statefp": "48", "countyfp": "299", "countyns": "01383935", "affgeoid": "0500000US48299", "geoid": "48299", "name": "Llano", "lsad": "06", "aland": "2419183499", "awater": "82373072" }, "geometry": { "type": "Polygon", "coordinates": [ [ [ -98.964612, 30.921368 ], [ -98.445782, 30.921439 ], [ -98.457382, 30.878897 ], [ -98.376877, 30.83489 ], [ -98.432098, 30.78631 ], [ -98.371905, 30.740485 ], [ -98.438995, 30.673285 ], [ -98.411148, 30.574644 ], [ -98.351983, 30.558393 ], [ -98.351041, 30.486096 ], [ -98.411462, 30.502095 ], [ -98.59167, 30.499875 ], [ -98.964232, 30.498482 ], [ -98.964612, 30.921368 ] ] ] } },
{ "type": "Feature", "properties": { "statefp": "48", "countyfp": "033", "countyns": "01383802", "affgeoid": "0500000US48033", "geoid": "48033", "name": "Borden", "lsad": "06", "aland": "2324366073", "awater": "22297610" }, "geometry": { "type": "Polygon", "coordinates": [ [ [ -101.691284, 32.961838 ], [ -101.557434, 32.961025 ], [ -101.173378, 32.963597 ], [ -101.174562, 32.527703 ], [ -101.174571, 32.524112 ], [ -101.68874, 32.525222 ], [ -101.691284, 32.961838 ] ] ] } },
{ "type": "Feature", "properties": { "statefp": "48", "countyfp": "455", "countyns": "01384013", "affgeoid": "0500000US48455", "geoid": "48455", "name": "Trinity", "lsad": "06", "aland": "1796914248", "awater": "52267270" }, "geometry": { "type": "Polygon", "coordinates": [ [ [ -95.434781, 31.058098 ], [ -94.95811, 31.38693 ], [ -94.860501, 31.234955 ], [ -94.842947, 31.146578 ], [ -94.939127, 31.042048 ], [ -95.20018, 30.824566 ], [ -95.252385, 30.906719 ], [ -95.32748, 30.859547 ], [ -95.396697, 30.857706 ], [ -95.434335, 30.937405 ], [ -95.434781, 31.058098 ] ] ] } },
{ "type": "Feature", "properties": { "statefp": "48", "countyfp": "389", "countyns": "01383980", "affgeoid": "0500000US48389", "geoid": "48389", "name": "Reeves", "lsad": "06", "aland": "6825534308", "awater": "17396681" }, "geometry": { "type": "Polygon", "coordinates": [ [ [ -104.024521, 32.00001 ], [ -103.980213477381014, 32.000032851362597 ], [ -103.885584, 31.870373 ], [ -103.829385, 31.887992 ], [ -103.809458, 31.794317 ], [ -103.746809, 31.739509 ], [ -103.625726, 31.705032 ], [ -103.610887, 31.651802 ], [ -103.509379, 31.625934 ], [ -103.44241, 31.433752 ], [ -103.329941, 31.411998 ], [ -103.261677, 31.42757 ], [ -103.181225, 31.370245 ], [ -103.01104, 31.371306 ], [ -103.585084, 30.76647 ], [ -104.102351, 31.105203 ], [ -104.024521, 32.00001 ] ] ] } },
{ "type": "Feature", "properties": { "statefp": "48", "countyfp": "039", "countyns": "01383805", "affgeoid": "0500000US48039", "geoid": "48039", "name": "Brazoria", "lsad": "06", "aland": "3528358447", "awater": "637931958" }, "geometry": { "type": "Polygon", "coordinates": [ [ [ -95.847656, 29.26259 ], [ -95.752866, 29.324503 ], [ -95.625863, 29.293349 ], [ -95.579598, 29.340129 ], [ -95.549994, 29.438439 ], [ -95.462503, 29.43924 ], [ -95.443224, 29.510214 ], [ -95.424118, 29.580233 ], [ -95.331146, 29.599108 ], [ -95.297411, 29.596522 ], [ -95.286493, 29.597886 ], [ -95.253856, 29.553778 ], [ -95.216422, 29.55608 ], [ -95.233081, 29.465566 ], [ -95.19219, 29.404367 ], [ -95.056499, 29.199977 ], [ -95.11505050559829, 29.075552022478703 ], [ -95.125134, 29.067321 ], [ -95.191391, 29.02309 ], [ -95.297147, 28.934073 ], [ -95.38239, 28.866348 ], [ -95.439594, 28.859022 ], [ -95.507037396916999, 28.824735512192103 ], [ -95.567708, 28.829758 ], [ -95.67955, 28.965734 ], [ -95.769393, 28.971109 ], [ -95.770446, 29.06621 ], [ -95.84631, 29.107799 ], [ -95.874028, 29.229702 ], [ -95.847656, 29.26259 ] ] ] } },
{ "type": "Feature", "properties": { "statefp": "48", "countyfp": "061", "countyns": "01383816", "affgeoid": "0500000US48061", "geoid": "48061", "name": "Cameron", "lsad": "06", "aland": "2307897628", "awater": "998028553" }, "geometry": { "type": "Polygon", "coordinates": [ [ [ -97.861875, 26.120295 ], [ -97.861875, 26.348156 ], [ -97.527582, 26.299304 ], [ -97.506936, 26.312702 ], [ -97.446987, 26.324947 ], [ -97.390733, 26.411332 ], [ -97.227380226521802, 26.411496005302499 ], [ -97.196935, 26.305865 ], [ -97.158798, 26.08266 ], [ -97.151922, 26.017653 ], [ -97.145567, 25.971132 ], [ -97.156608, 25.949022 ], [ -97.206945, 25.960899 ], [ -97.277163, 25.935438 ], [ -97.338346, 25.923125 ], [ -97.365976, 25.902447 ], [ -97.360082, 25.868874 ], [ -97.372864, 25.840117 ], [ -97.422636, 25.840378 ], [ -97.454727, 25.879337 ], [ -97.496861, 25.880058 ], [ -97.542957, 25.920035 ], [ -97.582565, 25.937857 ], [ -97.644011, 26.006614 ], [ -97.697069, 26.023455 ], [ -97.758838, 26.032131 ], [ -97.795291, 26.055218 ], [ -97.862281563106293, 26.057746828440198 ], [ -97.861875, 26.120295 ] ] ] } },
{ "type": "Feature", "properties": { "statefp": "48", "countyfp": "417", "countyns": "01383994", "affgeoid": "0500000US48417", "geoid": "48417", "name": "Shackelford", "lsad": "06", "aland": "2367989256", "awater": "3268209" }, "geometry": { "type": "Polygon", "coordinates": [ [ [ -99.612001, 32.956962 ], [ -99.471258, 32.957025 ], [ -99.096016, 32.957037 ], [ -99.095956, 32.707581 ], [ -99.09605, 32.514768 ], [ -99.114293, 32.514811 ], [ -99.612026, 32.514654 ], [ -99.612001, 32.956962 ] ] ] } },
{ "type": "Feature", "properties": { "statefp": "48", "countyfp": "261", "countyns": "01383916", "affgeoid": "0500000US48261", "geoid": "48261", "name": "Kenedy", "lsad": "06", "aland": "3777375503", "awater": "1262209528" }, "geometry": { "type": "Polygon", "coordinates": [ [ [ -97.985887, 27.209308 ], [ -97.84134, 27.243955 ], [ -97.785102, 27.283714 ], [ -97.508863, 27.266636 ], [ -97.346850876955685, 27.277958832209499 ], [ -97.358469, 27.234796 ], [ -97.378697, 27.060044 ], [ -97.366872, 26.885581 ], [ -97.32275, 26.701746 ], [ -97.287541116685787, 26.6003398814733 ], [ -97.861688, 26.597995 ], [ -97.957405, 26.611769 ], [ -97.985303, 26.615809 ], [ -97.985494, 26.780917 ], [ -97.985887, 27.209308 ] ] ] } },
{ "type": "Feature", "properties": { "statefp": "48", "countyfp": "405", "countyns": "01383988", "affgeoid": "0500000US48405", "geoid": "48405", "name": "San Augustine", "lsad": "06", "aland": "1374395181", "awater": "159644687" }, "geometry": { "type": "Polygon", "coordinates": [ [ [ -94.399091, 31.653596 ], [ -94.090717, 31.620609 ], [ -93.984461, 31.569419 ], [ -93.983239, 31.466114 ], [ -94.044154, 31.409979 ], [ -94.039034, 31.134271 ], [ -94.043234, 31.118552 ], [ -94.129632, 31.09928 ], [ -94.218997, 31.173265 ], [ -94.326616, 31.224754 ], [ -94.339773, 31.24082 ], [ -94.33119, 31.362966 ], [ -94.300622, 31.526458 ], [ -94.311042, 31.589252 ], [ -94.399091, 31.653596 ] ] ] } },
{ "type": "Feature", "properties": { "statefp": "48", "countyfp": "005", "countyns": "01383788", "affgeoid": "0500000US48005", "geoid": "48005", "name": "Angelina", "lsad": "06", "aland": "2066241599", "awater": "173338077" }, "geometry": { "type": "Polygon", "coordinates": [ [ [ -95.003345, 31.42571 ], [ -94.865857, 31.526916 ], [ -94.728679, 31.457226 ], [ -94.544888, 31.431715 ], [ -94.495874, 31.405728 ], [ -94.449422, 31.321337 ], [ -94.396017, 31.302356 ], [ -94.326616, 31.224754 ], [ -94.218997, 31.173265 ], [ -94.129632, 31.09928 ], [ -94.457816, 31.033325 ], [ -94.477026, 31.027741 ], [ -94.561943, 31.058952 ], [ -94.573675, 31.068432 ], [ -94.738594, 31.10369 ], [ -94.842947, 31.146578 ], [ -94.860501, 31.234955 ], [ -94.95811, 31.38693 ], [ -94.976718, 31.409145 ], [ -95.003345, 31.42571 ] ] ] } },
{ "type": "Feature", "properties": { "statefp": "48", "countyfp": "183", "countyns": "01383877", "affgeoid": "0500000US48183", "geoid": "48183", "name": "Gregg", "lsad": "06", "aland": "708030600", "awater": "6227994" }, "geometry": { "type": "Polygon", "coordinates": [ [ [ -94.986585, 32.537324 ], [ -94.820223, 32.590648 ], [ -94.746136, 32.66754 ], [ -94.70179, 32.652209 ], [ -94.701986, 32.421782 ], [ -94.579219, 32.394916 ], [ -94.591703, 32.365572 ], [ -94.985411, 32.37082 ], [ -94.986935, 32.537246 ], [ -94.986585, 32.537324 ] ] ] } },
{ "type": "Feature", "properties": { "statefp": "48", "countyfp": "467", "countyns": "01384019", "affgeoid": "0500000US48467", "geoid": "48467", "name": "Van Zandt", "lsad": "06", "aland": "2182212910", "awater": "44164932" }, "geometry": { "type": "Polygon", "coordinates": [ [ [ -96.076801, 32.838489 ], [ -95.934433, 32.837217 ], [ -95.829581, 32.766967 ], [ -95.761537, 32.770314 ], [ -95.659432, 32.711441 ], [ -95.635017, 32.72038 ], [ -95.594541, 32.687026 ], [ -95.5943, 32.479858 ], [ -95.449165, 32.355233 ], [ -96.075899, 32.357505 ], [ -96.076801, 32.838489 ] ] ] } },
{ "type": "Feature", "properties": { "statefp": "48", "countyfp": "337", "countyns": "01383954", "affgeoid": "0500000US48337", "geoid": "48337", "name": "Montague", "lsad": "06", "aland": "2411034614", "awater": "19087361" }, "geometry": { "type": "Polygon", "coordinates": [ [ [ -97.978919, 33.467129 ], [ -97.977869, 33.888738 ], [ -97.951905950855192, 33.8912258148573 ], [ -97.951215, 33.878424 ], [ -97.865765, 33.849393 ], [ -97.803473, 33.88019 ], [ -97.759834, 33.92521 ], [ -97.671772, 33.99137 ], [ -97.609091, 33.968093 ], [ -97.596155, 33.922106 ], [ -97.561243150221088, 33.899061506732998 ], [ -97.55827, 33.897099 ], [ -97.486505, 33.916994 ], [ -97.484143438587594, 33.913889108890899 ], [ -97.487065, 33.433681 ], [ -97.918189, 33.433873 ], [ -97.978967, 33.433748 ], [ -97.978919, 33.467129 ] ] ] } },
{ "type": "Feature", "properties": { "statefp": "48", "countyfp": "135", "countyns": "01383853", "affgeoid": "0500000US48135", "geoid": "48135", "name": "Ector", "lsad": "06", "aland": "2325100483", "awater": "10596946" }, "geometry": { "type": "Polygon", "coordinates": [ [ [ -102.799086, 32.085795 ], [ -102.287048, 32.086991 ], [ -102.287345, 31.651276 ], [ -102.31805, 31.651327 ], [ -102.767246, 31.651714 ], [ -102.798939, 31.651783 ], [ -102.799086, 32.085795 ] ] ] } },
{ "type": "Feature", "properties": { "statefp": "48", "countyfp": "187", "countyns": "01383879", "affgeoid": "0500000US48187", "geoid": "48187", "name": "Guadalupe", "lsad": "06", "aland": "1842135388", "awater": "9163416" }, "geometry": { "type": "Polygon", "coordinates": [ [ [ -98.310928, 29.594473 ], [ -98.19763, 29.638128 ], [ -98.089941, 29.683479 ], [ -97.999271, 29.752444 ], [ -97.943564, 29.806914 ], [ -97.875259, 29.858208 ], [ -97.799396, 29.75226 ], [ -97.780917, 29.759258 ], [ -97.768459, 29.719103 ], [ -97.633176, 29.649863 ], [ -97.664987, 29.60772 ], [ -97.840383, 29.376791 ], [ -97.956081, 29.378436 ], [ -98.113175, 29.365667 ], [ -98.134171, 29.441751 ], [ -98.122555, 29.47797 ], [ -98.164638, 29.478091 ], [ -98.233899, 29.554893 ], [ -98.27371, 29.551213 ], [ -98.310928, 29.594473 ] ] ] } },
{ "type": "Feature", "properties": { "statefp": "48", "countyfp": "209", "countyns": "01383890", "affgeoid": "0500000US48209", "geoid": "48209", "name": "Hays", "lsad": "06", "aland": "1755978743", "awater": "5037781" }, "geometry": { "type": "Polygon", "coordinates": [ [ [ -98.172977, 30.356312 ], [ -97.857222, 30.13124 ], [ -97.857161, 30.131196 ], [ -97.813018, 30.098613 ], [ -97.781369, 30.07567 ], [ -97.710215, 30.024499 ], [ -97.712548, 30.020613 ], [ -97.899238, 29.857583 ], [ -97.875259, 29.858208 ], [ -97.943564, 29.806914 ], [ -97.999271, 29.752444 ], [ -98.01518, 29.801485 ], [ -98.030523, 29.848539 ], [ -98.12127, 29.912844 ], [ -98.2976, 30.037994 ], [ -98.172977, 30.356312 ] ] ] } },
{ "type": "Feature", "properties": { "statefp": "48", "countyfp": "293", "countyns": "01383932", "affgeoid": "0500000US48293", "geoid": "48293", "name": "Limestone", "lsad": "06", "aland": "2344685542", "awater": "72197848" }, "geometry": { "type": "Polygon", "coordinates": [ [ [ -96.932215, 31.708887 ], [ -96.719114, 31.814887 ], [ -96.496713, 31.796191 ], [ -96.236629, 31.413392 ], [ -96.322853, 31.374067 ], [ -96.319165, 31.357129 ], [ -96.596862, 31.2209 ], [ -96.801123, 31.522269 ], [ -96.932215, 31.708887 ] ] ] } },
{ "type": "Feature", "properties": { "statefp": "48", "countyfp": "185", "countyns": "01383878", "affgeoid": "0500000US48185", "geoid": "48185", "name": "Grimes", "lsad": "06", "aland": "2039539549", "awater": "36603391" }, "geometry": { "type": "Polygon", "coordinates": [ [ [ -96.16837, 30.822997 ], [ -95.863059, 30.864125 ], [ -95.83024, 30.630284 ], [ -95.804306, 30.24557 ], [ -96.069319, 30.229964 ], [ -96.093165, 30.225187 ], [ -96.094404, 30.309371 ], [ -96.15463, 30.330288 ], [ -96.147255, 30.38284 ], [ -96.079969, 30.43003 ], [ -96.121806, 30.443426 ], [ -96.187765, 30.598737 ], [ -96.16837, 30.822997 ] ] ] } },
{ "type": "Feature", "properties": { "statefp": "48", "countyfp": "179", "countyns": "01383875", "affgeoid": "0500000US48179", "geoid": "48179", "name": "Gray", "lsad": "06", "aland": "2398261666", "awater": "8700791" }, "geometry": { "type": "Polygon", "coordinates": [ [ [ -101.085935, 35.619102 ], [ -100.540158, 35.619296 ], [ -100.538978, 35.183144 ], [ -101.086281, 35.18214 ], [ -101.085935, 35.619102 ] ] ] } },
{ "type": "Feature", "properties": { "statefp": "48", "countyfp": "199", "countyns": "01383885", "affgeoid": "0500000US48199", "geoid": "48199", "name": "Hardin", "lsad": "06", "aland": "2306607883", "awater": "18042331" }, "geometry": { "type": "Polygon", "coordinates": [ [ [ -94.732732, 30.490066 ], [ -94.537926, 30.491059 ], [ -94.545717, 30.526977 ], [ -94.071689, 30.526033 ], [ -94.119394, 30.426298 ], [ -94.083386, 30.342181 ], [ -94.117604, 30.241665 ], [ -94.091217, 30.204648 ], [ -94.115917, 30.160347 ], [ -94.17644, 30.18794 ], [ -94.275451, 30.170265 ], [ -94.292629, 30.117671 ], [ -94.44491, 30.113015 ], [ -94.596338, 30.112101 ], [ -94.732732, 30.490066 ] ] ] } },
{ "type": "Feature", "properties": { "statefp": "48", "countyfp": "323", "countyns": "01383944", "affgeoid": "0500000US48323", "geoid": "48323", "name": "Maverick", "lsad": "06", "aland": "3313819221", "awater": "31869807" }, "geometry": { "type": "Polygon", "coordinates": [ [ [ -100.671215189194001, 29.083516025344498 ], [ -100.111406, 29.086318 ], [ -100.114336, 28.648122 ], [ -100.113719, 28.197819 ], [ -100.197510055500999, 28.197000731139898 ], [ -100.267604, 28.250269 ], [ -100.287554, 28.301093 ], [ -100.320393, 28.362117 ], [ -100.337059, 28.427151 ], [ -100.368288, 28.477196 ], [ -100.38886, 28.515748 ], [ -100.39727, 28.575637 ], [ -100.448648, 28.616774 ], [ -100.500354, 28.66196 ], [ -100.506701, 28.716745 ], [ -100.533017, 28.76328 ], [ -100.53583, 28.805888 ], [ -100.576846, 28.836168 ], [ -100.627206, 28.903734 ], [ -100.646993, 28.957079 ], [ -100.660208, 29.031497 ], [ -100.671215189194001, 29.083516025344498 ] ] ] } },
{ "type": "Feature", "properties": { "statefp": "48", "countyfp": "225", "countyns": "01383898", "affgeoid": "0500000US48225", "geoid": "48225", "name": "Houston", "lsad": "06", "aland": "3188288249", "awater": "14426022" }, "geometry": { "type": "Polygon", "coordinates": [ [ [ -95.775578, 31.136095 ], [ -95.728703, 31.164064 ], [ -95.725226, 31.271084 ], [ -95.657247, 31.337448 ], [ -95.711092, 31.454133 ], [ -95.746837, 31.45817 ], [ -95.739279, 31.504056 ], [ -95.651764, 31.541791 ], [ -95.273203, 31.592886 ], [ -95.168509, 31.583671 ], [ -95.099966, 31.518869 ], [ -95.101382, 31.469887 ], [ -95.003345, 31.42571 ], [ -94.976718, 31.409145 ], [ -94.95811, 31.38693 ], [ -95.434781, 31.058098 ], [ -95.617872, 30.930418 ], [ -95.681158, 30.986958 ], [ -95.656487, 31.079339 ], [ -95.76441, 31.094211 ], [ -95.775578, 31.136095 ] ] ] } },
{ "type": "Feature", "properties": { "statefp": "48", "countyfp": "395", "countyns": "01383983", "affgeoid": "0500000US48395", "geoid": "48395", "name": "Robertson", "lsad": "06", "aland": "2214719320", "awater": "26358042" }, "geometry": { "type": "Polygon", "coordinates": [ [ [ -96.829121, 31.105871 ], [ -96.596862, 31.2209 ], [ -96.319165, 31.357129 ], [ -96.331083, 31.252712 ], [ -96.269199, 31.077855 ], [ -96.260594, 31.077071 ], [ -96.243258, 31.061137 ], [ -96.24102, 30.973737 ], [ -96.338001, 30.920531 ], [ -96.45763, 30.744474 ], [ -96.566983, 30.69567 ], [ -96.621281, 30.730819 ], [ -96.611097, 30.757354 ], [ -96.694853, 30.864517 ], [ -96.68497, 30.906191 ], [ -96.75633, 30.927206 ], [ -96.793139, 31.065718 ], [ -96.829121, 31.105871 ] ] ] } },
{ "type": "Feature", "properties": { "statefp": "48", "countyfp": "181", "countyns": "01383876", "affgeoid": "0500000US48181", "geoid": "48181", "name": "Grayson", "lsad": "06", "aland": "2415995947", "awater": "120112446" }, "geometry": { "type": "Polygon", "coordinates": [ [ [ -96.94461688837049, 33.945013250454004 ], [ -96.934343303133005, 33.9455889292528 ], [ -96.905253, 33.947219 ], [ -96.897194, 33.902954 ], [ -96.850593, 33.847211 ], [ -96.794276, 33.868886 ], [ -96.776766, 33.841976 ], [ -96.712422, 33.831633 ], [ -96.682103, 33.876645 ], [ -96.659896, 33.916666 ], [ -96.594674307377105, 33.883018657398303 ], [ -96.590112, 33.880665 ], [ -96.592926, 33.830916 ], [ -96.572937, 33.819098 ], [ -96.523863, 33.818114 ], [ -96.502286, 33.77346 ], [ -96.436455, 33.78005 ], [ -96.403507, 33.746289 ], [ -96.379660825952101, 33.715530908566002 ], [ -96.384602, 33.397826 ], [ -96.83411, 33.405498 ], [ -96.85369, 33.413613 ], [ -96.94386, 33.41641 ], [ -96.94461688837049, 33.945013250454004 ] ] ] } },
{ "type": "Feature", "properties": { "statefp": "48", "countyfp": "149", "countyns": "01383860", "affgeoid": "0500000US48149", "geoid": "48149", "name": "Fayette", "lsad": "06", "aland": "2460152119", "awater": "25739448" }, "geometry": { "type": "Polygon", "coordinates": [ [ [ -97.315823, 29.786541 ], [ -97.194235, 29.896776 ], [ -97.024461, 30.051435 ], [ -97.018379, 30.032406 ], [ -96.845857, 30.116027 ], [ -96.794552, 30.160545 ], [ -96.647223, 30.145174 ], [ -96.62198, 30.044283 ], [ -96.569844, 29.961516 ], [ -96.874222, 29.632706 ], [ -97.142643, 29.628101 ], [ -97.131188, 29.643762 ], [ -97.317893, 29.784658 ], [ -97.315823, 29.786541 ] ] ] } },
{ "type": "Feature", "properties": { "statefp": "48", "countyfp": "271", "countyns": "01383921", "affgeoid": "0500000US48271", "geoid": "48271", "name": "Kinney", "lsad": "06", "aland": "3522525623", "awater": "13124946" }, "geometry": { "type": "Polygon", "coordinates": [ [ [ -100.801867546029001, 29.232831568098 ], [ -100.757822, 29.238325 ], [ -100.699141, 29.419747 ], [ -100.699932, 29.623897 ], [ -100.112098, 29.623263 ], [ -100.111406, 29.086318 ], [ -100.671215189194001, 29.083516025344498 ], [ -100.674656, 29.099777 ], [ -100.727462, 29.129123 ], [ -100.772649, 29.168492 ], [ -100.795681, 29.22773 ], [ -100.801867546029001, 29.232831568098 ] ] ] } },
{ "type": "Feature", "properties": { "statefp": "48", "countyfp": "289", "countyns": "01383930", "affgeoid": "0500000US48289", "geoid": "48289", "name": "Leon", "lsad": "06", "aland": "2779462014", "awater": "19328383" }, "geometry": { "type": "Polygon", "coordinates": [ [ [ -96.319165, 31.357129 ], [ -96.322853, 31.374067 ], [ -96.236629, 31.413392 ], [ -95.7873, 31.618385 ], [ -95.735681, 31.653822 ], [ -95.710112, 31.615587 ], [ -95.739279, 31.504056 ], [ -95.746837, 31.45817 ], [ -95.711092, 31.454133 ], [ -95.657247, 31.337448 ], [ -95.725226, 31.271084 ], [ -95.728703, 31.164064 ], [ -95.775578, 31.136095 ], [ -95.76441, 31.094211 ], [ -95.975218, 31.091967 ], [ -96.24102, 30.973737 ], [ -96.243258, 31.061137 ], [ -96.260594, 31.077071 ], [ -96.269199, 31.077855 ], [ -96.331083, 31.252712 ], [ -96.319165, 31.357129 ] ] ] } },
{ "type": "Feature", "properties": { "statefp": "48", "countyfp": "361", "countyns": "01383966", "affgeoid": "0500000US48361", "geoid": "48361", "name": "Orange", "lsad": "06", "aland": "864489134", "awater": "118488356" }, "geometry": { "type": "Polygon", "coordinates": [ [ [ -94.117604, 30.241665 ], [ -93.901452, 30.242672 ], [ -93.711062171300895, 30.243970715640298 ], [ -93.713359, 30.225261 ], [ -93.703764, 30.173936 ], [ -93.702436, 30.112721 ], [ -93.70394, 30.054291 ], [ -93.706335762470189, 30.052180241530898 ], [ -93.741078, 30.021571 ], [ -93.807815, 29.954549 ], [ -93.830374, 29.894359 ], [ -93.852309870922298, 29.872091004391898 ], [ -93.841416, 29.949301 ], [ -93.860169, 29.977397 ], [ -94.031976, 30.028013 ], [ -94.093539, 30.083684 ], [ -94.115917, 30.160347 ], [ -94.091217, 30.204648 ], [ -94.117604, 30.241665 ] ] ] } },
{ "type": "Feature", "properties": { "statefp": "48", "countyfp": "367", "countyns": "01383969", "affgeoid": "0500000US48367", "geoid": "48367", "name": "Parker", "lsad": "06", "aland": "2340006395", "awater": "17127713" }, "geometry": { "type": "Polygon", "coordinates": [ [ [ -98.056094, 33.003332 ], [ -97.921642, 33.001284 ], [ -97.679565, 32.996373 ], [ -97.544181, 32.994177 ], [ -97.550582, 32.555391 ], [ -97.617066, 32.555484 ], [ -98.066836, 32.558822 ], [ -98.056094, 33.003332 ] ] ] } },
{ "type": "Feature", "properties": { "statefp": "48", "countyfp": "377", "countyns": "01383974", "affgeoid": "0500000US48377", "geoid": "48377", "name": "Presidio", "lsad": "06", "aland": "9985057446", "awater": "1773188" }, "geometry": { "type": "Polygon", "coordinates": [ [ [ -104.980753891325008, 30.628812018788299 ], [ -103.90101, 30.41219 ], [ -103.80068, 30.412527 ], [ -103.792793, 29.500188 ], [ -103.793873010934007, 29.2592383933486 ], [ -103.856893, 29.281852 ], [ -103.975235, 29.296017 ], [ -104.055596, 29.33091 ], [ -104.143692, 29.383278 ], [ -104.181273, 29.426265 ], [ -104.229081, 29.48105 ], [ -104.308813, 29.524337 ], [ -104.371175, 29.543063 ], [ -104.452301, 29.60366 ], [ -104.539761, 29.676074 ], [ -104.565688, 29.770462 ], [ -104.619039, 29.844445 ], [ -104.672327, 29.911112 ], [ -104.685479, 29.989943 ], [ -104.703998, 30.02421 ], [ -104.692094, 30.107304 ], [ -104.702788, 30.211736 ], [ -104.740448, 30.259454 ], [ -104.761634, 30.301148 ], [ -104.824314, 30.370466 ], [ -104.859521, 30.390413 ], [ -104.869872, 30.458645 ], [ -104.889376, 30.535144 ], [ -104.924796, 30.604832 ], [ -104.972071, 30.61026 ], [ -104.980753891325008, 30.628812018788299 ] ] ] } },
{ "type": "Feature", "properties": { "statefp": "48", "countyfp": "449", "countyns": "01384010", "affgeoid": "0500000US48449", "geoid": "48449", "name": "Titus", "lsad": "06", "aland": "1051683607", "awater": "50727822" }, "geometry": { "type": "Polygon", "coordinates": [ [ [ -95.125451, 33.389454 ], [ -94.81271, 33.375577 ], [ -94.808783, 33.363636 ], [ -94.819828, 32.982886 ], [ -94.936129, 33.073833 ], [ -95.12613, 33.034581 ], [ -95.125451, 33.389454 ] ] ] } },
{ "type": "Feature", "properties": { "statefp": "48", "countyfp": "155", "countyns": "01383863", "affgeoid": "0500000US48155", "geoid": "48155", "name": "Foard", "lsad": "06", "aland": "1824378633", "awater": "8514740" }, "geometry": { "type": "Polygon", "coordinates": [ [ [ -100.047028, 34.22978 ], [ -100.037319, 34.238778 ], [ -99.997621, 34.224355 ], [ -99.772043, 34.093286 ], [ -99.65301, 34.098971 ], [ -99.5485, 34.055774 ], [ -99.475294, 34.085618 ], [ -99.47565, 33.834005 ], [ -99.474498, 33.733849 ], [ -99.554906, 33.798556 ], [ -99.700705, 33.799963 ], [ -99.835143, 33.8358 ], [ -99.996434, 33.835967 ], [ -100.04848, 33.835974 ], [ -100.047028, 34.22978 ] ] ] } },
{ "type": "Feature", "properties": { "statefp": "48", "countyfp": "391", "countyns": "01383981", "affgeoid": "0500000US48391", "geoid": "48391", "name": "Refugio", "lsad": "06", "aland": "1995545559", "awater": "123687613" }, "geometry": { "type": "Polygon", "coordinates": [ [ [ -97.541071, 28.164669 ], [ -97.375579, 28.388684 ], [ -97.160751, 28.553475 ], [ -97.048529, 28.549976 ], [ -96.9155, 28.485712 ], [ -96.890951, 28.507178 ], [ -96.813494, 28.430261 ], [ -96.764132, 28.426522 ], [ -96.790512, 28.319238 ], [ -97.123799, 28.272459 ], [ -97.023586, 28.187657 ], [ -97.144916, 28.102622 ], [ -97.260818, 28.075759 ], [ -97.317163, 28.137189 ], [ -97.427171, 28.117668 ], [ -97.482384, 28.168616 ], [ -97.541071, 28.164669 ] ] ] } },
{ "type": "Feature", "properties": { "statefp": "48", "countyfp": "241", "countyns": "01383906", "affgeoid": "0500000US48241", "geoid": "48241", "name": "Jasper", "lsad": "06", "aland": "2431105374", "awater": "80399908" }, "geometry": { "type": "Polygon", "coordinates": [ [ [ -94.457816, 31.033325 ], [ -94.129632, 31.09928 ], [ -94.043234, 31.118552 ], [ -94.039034, 31.134271 ], [ -93.911126, 31.158071 ], [ -93.865711, 30.947218 ], [ -93.901452, 30.242672 ], [ -94.117604, 30.241665 ], [ -94.083386, 30.342181 ], [ -94.119394, 30.426298 ], [ -94.071689, 30.526033 ], [ -94.094812, 30.575543 ], [ -94.05096, 30.638568 ], [ -94.089369, 30.686978 ], [ -94.125824, 30.684052 ], [ -94.150119, 30.790203 ], [ -94.179343, 30.794974 ], [ -94.215213, 30.9004 ], [ -94.200441, 30.929256 ], [ -94.244888, 30.968174 ], [ -94.238424, 31.013705 ], [ -94.353782, 31.039371 ], [ -94.45327, 31.006237 ], [ -94.457816, 31.033325 ] ] ] } },
{ "type": "Feature", "properties": { "statefp": "48", "countyfp": "245", "countyns": "01383908", "affgeoid": "0500000US48245", "geoid": "48245", "name": "Jefferson", "lsad": "06", "aland": "2269793052", "awater": "611960906" }, "geometry": { "type": "Polygon", "coordinates": [ [ [ -94.44491, 30.113015 ], [ -94.292629, 30.117671 ], [ -94.275451, 30.170265 ], [ -94.17644, 30.18794 ], [ -94.115917, 30.160347 ], [ -94.093539, 30.083684 ], [ -94.031976, 30.028013 ], [ -93.860169, 29.977397 ], [ -93.841416, 29.949301 ], [ -93.852309870922298, 29.872091004391898 ], [ -93.872446, 29.85165 ], [ -93.929208, 29.802952 ], [ -93.890821, 29.761673 ], [ -93.863204, 29.724059 ], [ -93.837971, 29.690619 ], [ -93.861291, 29.679007 ], [ -93.961867, 29.682213 ], [ -94.056506, 29.671163 ], [ -94.161549, 29.636588 ], [ -94.354122544913693, 29.562102820174797 ], [ -94.357976, 29.887464 ], [ -94.442235, 29.889538 ], [ -94.44491, 30.113015 ] ] ] } },
{ "type": "Feature", "properties": { "statefp": "48", "countyfp": "387", "countyns": "01383979", "affgeoid": "0500000US48387", "geoid": "48387", "name": "Red River", "lsad": "06", "aland": "2703626759", "awater": "33305608" }, "geometry": { "type": "Polygon", "coordinates": [ [ [ -95.310449795449088, 33.873843038185498 ], [ -95.283445, 33.877746 ], [ -95.253623, 33.92971 ], [ -95.226393, 33.961954 ], [ -95.155907617107502, 33.938482388569803 ], [ -95.149462, 33.936336 ], [ -95.095002, 33.904816 ], [ -95.046568, 33.862565 ], [ -94.98165, 33.852284 ], [ -94.93956, 33.810503 ], [ -94.902276, 33.776289 ], [ -94.841634, 33.739431 ], [ -94.766146, 33.748031 ], [ -94.731932901995904, 33.720830516280301 ], [ -94.746096, 33.700375 ], [ -94.746925, 33.328938 ], [ -94.781693, 33.318905 ], [ -94.808783, 33.363636 ], [ -94.81271, 33.375577 ], [ -95.125451, 33.389454 ], [ -95.153438, 33.380764 ], [ -95.30664, 33.378027 ], [ -95.308637, 33.380662 ], [ -95.310449795449088, 33.873843038185498 ] ] ] } },
{ "type": "Feature", "properties": { "statefp": "48", "countyfp": "393", "countyns": "01383982", "affgeoid": "0500000US48393", "geoid": "48393", "name": "Roberts", "lsad": "06", "aland": "2393298446", "awater": "346846" }, "geometry": { "type": "Polygon", "coordinates": [ [ [ -101.086068, 35.625267 ], [ -101.085735, 36.055276 ], [ -101.085716, 36.057572 ], [ -100.546724, 36.056536 ], [ -100.540221, 36.056491 ], [ -100.540158, 35.619296 ], [ -101.085935, 35.619102 ], [ -101.086068, 35.625267 ] ] ] } },
{ "type": "Feature", "properties": { "statefp": "48", "countyfp": "083", "countyns": "01383827", "affgeoid": "0500000US48083", "geoid": "48083", "name": "Coleman", "lsad": "06", "aland": "3268424411", "awater": "50472148" }, "geometry": { "type": "Polygon", "coordinates": [ [ [ -99.713971, 32.082089 ], [ -99.631413, 32.081274 ], [ -99.195871, 32.079235 ], [ -99.202768, 31.467234 ], [ -99.314875, 31.409875 ], [ -99.402284, 31.446198 ], [ -99.511477, 31.424401 ], [ -99.60185, 31.49195 ], [ -99.62492, 31.467442 ], [ -99.721698, 31.576759 ], [ -99.713971, 32.082089 ] ] ] } },
{ "type": "Feature", "properties": { "statefp": "48", "countyfp": "403", "countyns": "01383987", "affgeoid": "0500000US48403", "geoid": "48403", "name": "Sabine", "lsad": "06", "aland": "1272739766", "awater": "220719716" }, "geometry": { "type": "Polygon", "coordinates": [ [ [ -94.044154, 31.409979 ], [ -93.983239, 31.466114 ], [ -93.984461, 31.569419 ], [ -93.896537, 31.611836 ], [ -93.834923214477783, 31.586210021078003 ], [ -93.787687, 31.527344 ], [ -93.725925, 31.504092 ], [ -93.749476, 31.46869 ], [ -93.697603, 31.428409 ], [ -93.668146, 31.375103 ], [ -93.67544, 31.30104 ], [ -93.613942, 31.259375 ], [ -93.602443, 31.182541 ], [ -93.600603087362899, 31.1826249552688 ], [ -93.616168, 31.175252 ], [ -93.911126, 31.158071 ], [ -94.039034, 31.134271 ], [ -94.044154, 31.409979 ] ] ] } },
{ "type": "Feature", "properties": { "statefp": "48", "countyfp": "443", "countyns": "01384007", "affgeoid": "0500000US48443", "geoid": "48443", "name": "Terrell", "lsad": "06", "aland": "6107235409", "awater": "105866" }, "geometry": { "type": "Polygon", "coordinates": [ [ [ -102.566937, 30.283269 ], [ -102.343085, 30.284116 ], [ -102.342986, 30.598759 ], [ -102.138406, 30.597521 ], [ -102.137778, 30.655982 ], [ -102.034385, 30.655268 ], [ -102.034002, 30.655433 ], [ -102.033231, 30.655496 ], [ -102.032467, 30.655385 ], [ -102.031813, 30.655503 ], [ -102.000408, 30.654933 ], [ -101.997614, 30.654086 ], [ -101.769353, 30.653369 ], [ -101.768377, 30.652938 ], [ -101.76842, 30.653077 ], [ -101.652446, 30.620471 ], [ -101.646245, 30.560763 ], [ -101.740429, 30.420897 ], [ -101.65853, 30.357861 ], [ -101.7584, 30.288044 ], [ -101.761619209528007, 29.778860096722195 ], [ -101.809441, 29.790161 ], [ -101.8754, 29.794023 ], [ -101.966167, 29.807343 ], [ -102.021919, 29.802491 ], [ -102.073646, 29.786926 ], [ -102.115682, 29.79239 ], [ -102.161674, 29.819487 ], [ -102.227553, 29.843534 ], [ -102.301381, 29.877674 ], [ -102.31868395458801, 29.872192946501499 ], [ -102.340215, 29.892646 ], [ -102.567049, 30.052808 ], [ -102.566937, 30.283269 ] ] ] } },
{ "type": "Feature", "properties": { "statefp": "48", "countyfp": "471", "countyns": "01384021", "affgeoid": "0500000US48471", "geoid": "48471", "name": "Walker", "lsad": "06", "aland": "2031033548", "awater": "44838548" }, "geometry": { "type": "Polygon", "coordinates": [ [ [ -95.863059, 30.864125 ], [ -95.716508, 30.911405 ], [ -95.616233, 30.910196 ], [ -95.617872, 30.930418 ], [ -95.434781, 31.058098 ], [ -95.434335, 30.937405 ], [ -95.396697, 30.857706 ], [ -95.32748, 30.859547 ], [ -95.359156, 30.504369 ], [ -95.598971, 30.509002 ], [ -95.83024, 30.630284 ], [ -95.863059, 30.864125 ] ] ] } },
{ "type": "Feature", "properties": { "statefp": "48", "countyfp": "251", "countyns": "01383911", "affgeoid": "0500000US48251", "geoid": "48251", "name": "Johnson", "lsad": "06", "aland": "1877223454", "awater": "25002941" }, "geometry": { "type": "Polygon", "coordinates": [ [ [ -97.617066, 32.555484 ], [ -97.550582, 32.555391 ], [ -97.386367, 32.553559 ], [ -97.34899, 32.553145 ], [ -97.313984, 32.552627 ], [ -97.086834, 32.549428 ], [ -97.086191, 32.265451 ], [ -97.462821, 32.184683 ], [ -97.476086, 32.17346 ], [ -97.514682, 32.133605 ], [ -97.615055, 32.203581 ], [ -97.615286, 32.318618 ], [ -97.617066, 32.555484 ] ] ] } },
{ "type": "Feature", "properties": { "statefp": "48", "countyfp": "035", "countyns": "01383803", "affgeoid": "0500000US48035", "geoid": "48035", "name": "Bosque", "lsad": "06", "aland": "2545908057", "awater": "50666112" }, "geometry": { "type": "Polygon", "coordinates": [ [ [ -97.864864, 32.087328 ], [ -97.642178, 32.201296 ], [ -97.615055, 32.203581 ], [ -97.514682, 32.133605 ], [ -97.476086, 32.17346 ], [ -97.485968, 32.017611 ], [ -97.379992, 31.97274 ], [ -97.438765, 31.933506 ], [ -97.382848, 31.870788 ], [ -97.28206, 31.843152 ], [ -97.32653, 31.78836 ], [ -97.277265, 31.745492 ], [ -97.60523, 31.587762 ], [ -97.689834, 31.711019 ], [ -97.766431, 31.672461 ], [ -98.005462, 32.017897 ], [ -97.864864, 32.087328 ] ] ] } },
{ "type": "Feature", "properties": { "statefp": "48", "countyfp": "451", "countyns": "01384011", "affgeoid": "0500000US48451", "geoid": "48451", "name": "Tom Green", "lsad": "06", "aland": "3941965427", "awater": "48077315" }, "geometry": { "type": "Polygon", "coordinates": [ [ [ -101.26763, 31.556462 ], [ -100.865256, 31.562294 ], [ -100.861099, 31.705418 ], [ -100.82537, 31.696155 ], [ -100.235761, 31.69297 ], [ -100.233783, 31.582196 ], [ -100.111234, 31.580267 ], [ -100.115216, 31.087994 ], [ -100.688764, 31.086576 ], [ -100.693065, 31.523954 ], [ -101.267947, 31.528688 ], [ -101.26763, 31.556462 ] ] ] } },
{ "type": "Feature", "properties": { "statefp": "48", "countyfp": "349", "countyns": "01383960", "affgeoid": "0500000US48349", "geoid": "48349", "name": "Navarro", "lsad": "06", "aland": "2614935427", "awater": "197626095" }, "geometry": { "type": "Polygon", "coordinates": [ [ [ -96.896209, 32.073977 ], [ -96.383082, 32.328851 ], [ -96.196965, 32.206942 ], [ -96.146523, 32.211715 ], [ -96.105364, 32.075337 ], [ -96.05478, 32.012526 ], [ -96.496713, 31.796191 ], [ -96.719114, 31.814887 ], [ -96.896209, 32.073977 ] ] ] } },
{ "type": "Feature", "properties": { "statefp": "48", "countyfp": "043", "countyns": "01383807", "affgeoid": "0500000US48043", "geoid": "48043", "name": "Brewster", "lsad": "06", "aland": "16015869999", "awater": "22063764" }, "geometry": { "type": "Polygon", "coordinates": [ [ [ -103.80068, 30.412527 ], [ -103.439976, 30.665939 ], [ -102.567049, 30.052808 ], [ -102.340215, 29.892646 ], [ -102.31868395458801, 29.872192946501499 ], [ -102.349861, 29.862317 ], [ -102.369522, 29.820395 ], [ -102.392906, 29.765569 ], [ -102.468946, 29.779817 ], [ -102.512687, 29.780303 ], [ -102.551081, 29.752358 ], [ -102.612879, 29.748182 ], [ -102.677192, 29.738261 ], [ -102.693466, 29.676507 ], [ -102.738428, 29.621929 ], [ -102.777531, 29.556497 ], [ -102.808692, 29.522319 ], [ -102.83097, 29.444267 ], [ -102.824564, 29.399558 ], [ -102.871857, 29.352093 ], [ -102.891022, 29.287113 ], [ -102.871347, 29.241625 ], [ -102.917805, 29.190697 ], [ -102.995688, 29.161219 ], [ -103.035683, 29.103029 ], [ -103.076355, 29.085722 ], [ -103.100368, 29.026877 ], [ -103.126748, 28.982124 ], [ -103.227801, 28.991532 ], [ -103.28119, 28.982138 ], [ -103.361998, 29.018914 ], [ -103.463196, 29.066822 ], [ -103.524613, 29.120998 ], [ -103.59236, 29.15026 ], [ -103.660203, 29.170934 ], [ -103.724743, 29.19147 ], [ -103.789034, 29.257502 ], [ -103.793873010934007, 29.2592383933486 ], [ -103.792793, 29.500188 ], [ -103.80068, 30.412527 ] ] ] } },
{ "type": "Feature", "properties": { "statefp": "48", "countyfp": "501", "countyns": "01384036", "affgeoid": "0500000US48501", "geoid": "48501", "name": "Yoakum", "lsad": "06", "aland": "2071252452", "awater": "34329" }, "geometry": { "type": "Polygon", "coordinates": [ [ [ -103.060103, 33.219225 ], [ -103.056495064338009, 33.388414214620596 ], [ -102.594836, 33.388489 ], [ -102.595023, 32.958831 ], [ -103.063468888475001, 32.959106381830502 ], [ -103.060103, 33.219225 ] ] ] } },
{ "type": "Feature", "properties": { "statefp": "48", "countyfp": "505", "countyns": "01384038", "affgeoid": "0500000US48505", "geoid": "48505", "name": "Zapata", "lsad": "06", "aland": "2585876220", "awater": "154370982" }, "geometry": { "type": "Polygon", "coordinates": [ [ [ -99.460825799134298, 27.2622401970428 ], [ -99.370621, 27.319174 ], [ -99.33361, 27.273223 ], [ -98.954669, 27.269397 ], [ -98.95423, 26.785694 ], [ -99.011112, 26.675023 ], [ -99.176816092381102, 26.569660555373598 ], [ -99.200522, 26.656443 ], [ -99.208907, 26.724761 ], [ -99.242444, 26.788262 ], [ -99.268613, 26.843213 ], [ -99.3289, 26.879761 ], [ -99.361144, 26.928921 ], [ -99.387367, 26.982399 ], [ -99.44697, 27.026026 ], [ -99.442123, 27.106839 ], [ -99.429984, 27.159149 ], [ -99.445238, 27.223341 ], [ -99.460825799134298, 27.2622401970428 ] ] ] } },
{ "type": "Feature", "properties": { "statefp": "48", "countyfp": "239", "countyns": "01383905", "affgeoid": "0500000US48239", "geoid": "48239", "name": "Jackson", "lsad": "06", "aland": "2148246715", "awater": "71039573" }, "geometry": { "type": "Polygon", "coordinates": [ [ [ -96.938587, 29.063244 ], [ -96.658466, 29.263876 ], [ -96.640315, 29.247804 ], [ -96.309178, 28.963291 ], [ -96.323522, 28.675597 ], [ -96.404445, 28.674409 ], [ -96.39954, 28.730231 ], [ -96.428394, 28.703523 ], [ -96.643442, 28.712105 ], [ -96.711514, 28.851411 ], [ -96.792133, 28.918803 ], [ -96.832103, 29.021299 ], [ -96.938587, 29.063244 ] ] ] } },
{ "type": "Feature", "properties": { "statefp": "48", "countyfp": "327", "countyns": "01383949", "affgeoid": "0500000US48327", "geoid": "48327", "name": "Menard", "lsad": "06", "aland": "2336237920", "awater": "613559" }, "geometry": { "type": "Polygon", "coordinates": [ [ [ -100.115216, 31.087994 ], [ -99.603223, 31.087296 ], [ -99.603627, 30.940726 ], [ -99.484755, 30.940605 ], [ -99.483869, 30.710771 ], [ -100.116234, 30.710366 ], [ -100.115216, 31.087994 ] ] ] } },
{ "type": "Feature", "properties": { "statefp": "48", "countyfp": "273", "countyns": "01383922", "affgeoid": "0500000US48273", "geoid": "48273", "name": "Kleberg", "lsad": "06", "aland": "2282572442", "awater": "541041664" }, "geometry": { "type": "Polygon", "coordinates": [ [ [ -98.059464, 27.635862 ], [ -97.942146, 27.635932 ], [ -97.840678, 27.558358 ], [ -97.325216, 27.560896 ], [ -97.222991407531794, 27.576607316479599 ], [ -97.257325, 27.510644 ], [ -97.296057, 27.427175 ], [ -97.336122, 27.317818 ], [ -97.346850876955685, 27.277958832209499 ], [ -97.508863, 27.266636 ], [ -97.785102, 27.283714 ], [ -97.84134, 27.243955 ], [ -97.985887, 27.209308 ], [ -97.986076, 27.260494 ], [ -98.058078, 27.260981 ], [ -98.059464, 27.635862 ] ] ] } },
{ "type": "Feature", "properties": { "statefp": "48", "countyfp": "369", "countyns": "01383970", "affgeoid": "0500000US48369", "geoid": "48369", "name": "Parmer", "lsad": "06", "aland": "2281312151", "awater": "11355762" }, "geometry": { "type": "Polygon", "coordinates": [ [ [ -103.043946, 34.379555 ], [ -103.043072, 34.619782 ], [ -103.042769, 34.747361 ], [ -102.525184, 34.746931 ], [ -102.525631, 34.313034 ], [ -102.61515, 34.312891 ], [ -103.043850301172, 34.312749873507897 ], [ -103.043946, 34.379555 ] ] ] } },
{ "type": "Feature", "properties": { "statefp": "48", "countyfp": "275", "countyns": "01383923", "affgeoid": "0500000US48275", "geoid": "48275", "name": "Knox", "lsad": "06", "aland": "2203109038", "awater": "12577261" }, "geometry": { "type": "Polygon", "coordinates": [ [ [ -99.996434, 33.835967 ], [ -99.835143, 33.8358 ], [ -99.700705, 33.799963 ], [ -99.554906, 33.798556 ], [ -99.474498, 33.733849 ], [ -99.472444, 33.399023 ], [ -99.99098, 33.397404 ], [ -99.996434, 33.835967 ] ] ] } },
{ "type": "Feature", "properties": { "statefp": "48", "countyfp": "439", "countyns": "01384005", "affgeoid": "0500000US48439", "geoid": "48439", "name": "Tarrant", "lsad": "06", "aland": "2236924384", "awater": "100013729" }, "geometry": { "type": "Polygon", "coordinates": [ [ [ -97.544181, 32.994177 ], [ -97.39848, 32.990839 ], [ -97.356048, 32.990197 ], [ -97.180907, 32.989813 ], [ -97.032287, 32.989324 ], [ -97.034085, 32.81666 ], [ -97.03479, 32.786041 ], [ -97.035167, 32.759368 ], [ -97.036207, 32.711113 ], [ -97.036417, 32.693188 ], [ -97.038385, 32.548662 ], [ -97.086834, 32.549428 ], [ -97.313984, 32.552627 ], [ -97.34899, 32.553145 ], [ -97.386367, 32.553559 ], [ -97.550582, 32.555391 ], [ -97.544181, 32.994177 ] ] ] } },
{ "type": "Feature", "properties": { "statefp": "48", "countyfp": "021", "countyns": "01383796", "affgeoid": "0500000US48021", "geoid": "48021", "name": "Bastrop", "lsad": "06", "aland": "2300355868", "awater": "19105699" }, "geometry": { "type": "Polygon", "coordinates": [ [ [ -97.49135, 30.21193 ], [ -97.491254, 30.21211 ], [ -97.400089, 30.367906 ], [ -97.369539, 30.419563 ], [ -97.334463, 30.402843 ], [ -97.251707, 30.362848 ], [ -97.199578, 30.337833 ], [ -97.158811, 30.310695 ], [ -97.081834, 30.259357 ], [ -97.024461, 30.051435 ], [ -97.194235, 29.896776 ], [ -97.315823, 29.786541 ], [ -97.64937, 30.067944 ], [ -97.49135, 30.21193 ] ] ] } },
{ "type": "Feature", "properties": { "statefp": "48", "countyfp": "269", "countyns": "01383920", "affgeoid": "0500000US48269", "geoid": "48269", "name": "King", "lsad": "06", "aland": "2359148815", "awater": "6398045" }, "geometry": { "type": "Polygon", "coordinates": [ [ [ -100.518691, 33.83565 ], [ -100.04848, 33.835974 ], [ -99.996434, 33.835967 ], [ -99.99098, 33.397404 ], [ -100.517449, 33.397866 ], [ -100.518691, 33.83565 ] ] ] } },
{ "type": "Feature", "properties": { "statefp": "48", "countyfp": "031", "countyns": "01383801", "affgeoid": "0500000US48031", "geoid": "48031", "name": "Blanco", "lsad": "06", "aland": "1836948497", "awater": "10818164" }, "geometry": { "type": "Polygon", "coordinates": [ [ [ -98.59167, 30.499875 ], [ -98.411462, 30.502095 ], [ -98.351041, 30.486096 ], [ -98.125556, 30.426186 ], [ -98.172977, 30.356312 ], [ -98.2976, 30.037994 ], [ -98.414018, 29.937557 ], [ -98.587897, 30.138954 ], [ -98.59167, 30.499875 ] ] ] } },
{ "type": "Feature", "properties": { "statefp": "48", "countyfp": "343", "countyns": "01383957", "affgeoid": "0500000US48343", "geoid": "48343", "name": "Morris", "lsad": "06", "aland": "652648672", "awater": "17382822" }, "geometry": { "type": "Polygon", "coordinates": [ [ [ -94.808783, 33.363636 ], [ -94.781693, 33.318905 ], [ -94.746925, 33.328938 ], [ -94.692262, 33.312405 ], [ -94.65226, 33.268861 ], [ -94.653994, 32.879506 ], [ -94.705878, 32.879177 ], [ -94.719942, 32.904502 ], [ -94.768855, 32.925834 ], [ -94.819828, 32.982886 ], [ -94.808783, 33.363636 ] ] ] } },
{ "type": "Feature", "properties": { "statefp": "48", "countyfp": "419", "countyns": "01383995", "affgeoid": "0500000US48419", "geoid": "48419", "name": "Shelby", "lsad": "06", "aland": "2060566167", "awater": "101081674" }, "geometry": { "type": "Polygon", "coordinates": [ [ [ -94.511431, 31.973984 ], [ -94.029428406596011, 31.979686964168003 ], [ -93.977461, 31.926419 ], [ -93.909557, 31.893144 ], [ -93.878251895386597, 31.844276557245596 ], [ -93.85339, 31.805467 ], [ -93.803419, 31.700686 ], [ -93.816838, 31.622509 ], [ -93.834924, 31.586211 ], [ -93.834923214477783, 31.586210021078003 ], [ -93.896537, 31.611836 ], [ -93.984461, 31.569419 ], [ -94.090717, 31.620609 ], [ -94.399091, 31.653596 ], [ -94.432715, 31.82221 ], [ -94.452416, 31.844281 ], [ -94.511137, 31.923879 ], [ -94.511431, 31.973984 ] ] ] } },
{ "type": "Feature", "properties": { "statefp": "48", "countyfp": "489", "countyns": "01384030", "affgeoid": "0500000US48489", "geoid": "48489", "name": "Willacy", "lsad": "06", "aland": "1529611927", "awater": "501715022" }, "geometry": { "type": "Polygon", "coordinates": [ [ [ -97.957405, 26.611769 ], [ -97.861688, 26.597995 ], [ -97.287541116685787, 26.6003398814733 ], [ -97.253801, 26.503164 ], [ -97.227380226521802, 26.411496005302499 ], [ -97.390733, 26.411332 ], [ -97.446987, 26.324947 ], [ -97.506936, 26.312702 ], [ -97.527582, 26.299304 ], [ -97.861875, 26.348156 ], [ -97.86192, 26.433579 ], [ -98.004189, 26.448784 ], [ -97.957405, 26.611769 ] ] ] } },
{ "type": "Feature", "properties": { "statefp": "48", "countyfp": "325", "countyns": "01383948", "affgeoid": "0500000US48325", "geoid": "48325", "name": "Medina", "lsad": "06", "aland": "3432663415", "awater": "23762579" }, "geometry": { "type": "Polygon", "coordinates": [ [ [ -99.411817, 29.627514 ], [ -98.983787, 29.62345 ], [ -98.971383, 29.551842 ], [ -98.927161, 29.56225 ], [ -98.806552, 29.690709 ], [ -98.804763, 29.250693 ], [ -98.8049, 29.090434 ], [ -99.41388, 29.091335 ], [ -99.411817, 29.627514 ] ] ] } },
{ "type": "Feature", "properties": { "statefp": "48", "countyfp": "213", "countyns": "01383892", "affgeoid": "0500000US48213", "geoid": "48213", "name": "Henderson", "lsad": "06", "aland": "2263037771", "awater": "193234810" }, "geometry": { "type": "Polygon", "coordinates": [ [ [ -96.452138, 32.358631 ], [ -96.196231, 32.354762 ], [ -96.075899, 32.357505 ], [ -95.449165, 32.355233 ], [ -95.488733, 32.232486 ], [ -95.478585, 32.147224 ], [ -95.459908, 32.135559 ], [ -95.428512, 32.084475 ], [ -96.052786, 32.005895 ], [ -96.05478, 32.012526 ], [ -96.105364, 32.075337 ], [ -96.146523, 32.211715 ], [ -96.196965, 32.206942 ], [ -96.383082, 32.328851 ], [ -96.451474, 32.345574 ], [ -96.452138, 32.358631 ] ] ] } },
{ "type": "Feature", "properties": { "statefp": "48", "countyfp": "161", "countyns": "01383866", "affgeoid": "0500000US48161", "geoid": "48161", "name": "Freestone", "lsad": "06", "aland": "2273311877", "awater": "36936952" }, "geometry": { "type": "Polygon", "coordinates": [ [ [ -96.496713, 31.796191 ], [ -96.05478, 32.012526 ], [ -96.052786, 32.005895 ], [ -96.062172, 31.95634 ], [ -96.022491, 31.957549 ], [ -95.980568, 31.784561 ], [ -95.875937, 31.755503 ], [ -95.861262, 31.687451 ], [ -95.794081, 31.66031 ], [ -95.7873, 31.618385 ], [ -96.236629, 31.413392 ], [ -96.496713, 31.796191 ] ] ] } },
{ "type": "Feature", "properties": { "statefp": "48", "countyfp": "249", "countyns": "01383910", "affgeoid": "0500000US48249", "geoid": "48249", "name": "Jim Wells", "lsad": "06", "aland": "2240778091", "awater": "8739522" }, "geometry": { "type": "Polygon", "coordinates": [ [ [ -98.235497, 28.057966 ], [ -97.883148, 28.0569 ], [ -97.838918, 28.034613 ], [ -97.801388, 28.03836 ], [ -97.798517, 27.995659 ], [ -97.934274, 27.885202 ], [ -97.942146, 27.635932 ], [ -98.059464, 27.635862 ], [ -98.058078, 27.260981 ], [ -98.232464, 27.262487 ], [ -98.235497, 28.057966 ] ] ] } },
{ "type": "Feature", "properties": { "statefp": "48", "countyfp": "297", "countyns": "01383934", "affgeoid": "0500000US48297", "geoid": "48297", "name": "Live Oak", "lsad": "06", "aland": "2692796908", "awater": "101483817" }, "geometry": { "type": "Polygon", "coordinates": [ [ [ -98.335031, 28.612658 ], [ -98.098315, 28.786949 ], [ -98.005252, 28.690239 ], [ -98.089764, 28.662979 ], [ -97.808774, 28.183415 ], [ -97.817716, 28.176848 ], [ -97.904081, 28.114228 ], [ -97.883148, 28.0569 ], [ -98.235497, 28.057966 ], [ -98.334323, 28.0578 ], [ -98.335031, 28.612658 ] ] ] } },
{ "type": "Feature", "properties": { "statefp": "48", "countyfp": "409", "countyns": "01383990", "affgeoid": "0500000US48409", "geoid": "48409", "name": "San Patricio", "lsad": "06", "aland": "1795990945", "awater": "37577388" }, "geometry": { "type": "Polygon", "coordinates": [ [ [ -97.904081, 28.114228 ], [ -97.817716, 28.176848 ], [ -97.568482, 28.129846 ], [ -97.541071, 28.164669 ], [ -97.482384, 28.168616 ], [ -97.427171, 28.117668 ], [ -97.317163, 28.137189 ], [ -97.260818, 28.075759 ], [ -97.136312, 27.90439 ], [ -97.186987, 27.825489 ], [ -97.165617, 27.838213 ], [ -97.188659, 27.823885 ], [ -97.250796, 27.876718 ], [ -97.359997, 27.850766 ], [ -97.337677, 27.883165 ], [ -97.485519, 27.862797 ], [ -97.542622, 27.858315 ], [ -97.589473, 27.856101 ], [ -97.609593, 27.890377 ], [ -97.638174, 27.865594 ], [ -97.67528, 27.882538 ], [ -97.691074, 27.917353 ], [ -97.806798, 27.934712 ], [ -97.798517, 27.995659 ], [ -97.801388, 28.03836 ], [ -97.838918, 28.034613 ], [ -97.883148, 28.0569 ], [ -97.904081, 28.114228 ] ] ] } },
{ "type": "Feature", "properties": { "statefp": "48", "countyfp": "295", "countyns": "01383933", "affgeoid": "0500000US48295", "geoid": "48295", "name": "Lipscomb", "lsad": "06", "aland": "2414327232", "awater": "298741" }, "geometry": { "type": "Polygon", "coordinates": [ [ [ -100.546145126097016, 36.4995051393038 ], [ -100.311018, 36.499688 ], [ -100.003761993368016, 36.499701848737601 ], [ -100.000406, 36.499702 ], [ -100.000399, 36.055677 ], [ -100.540221, 36.056491 ], [ -100.546724, 36.056536 ], [ -100.546145126097016, 36.4995051393038 ] ] ] } },
{ "type": "Feature", "properties": { "statefp": "48", "countyfp": "487", "countyns": "01384029", "affgeoid": "0500000US48487", "geoid": "48487", "name": "Wilbarger", "lsad": "06", "aland": "2514536080", "awater": "18196245" }, "geometry": { "type": "Polygon", "coordinates": [ [ [ -99.475294, 34.085618 ], [ -99.475022137038394, 34.3968709897905 ], [ -99.470969, 34.396471 ], [ -99.420432, 34.380464 ], [ -99.394956, 34.442099 ], [ -99.350407, 34.437083 ], [ -99.27534, 34.386599 ], [ -99.221607900845498, 34.325373574372598 ], [ -99.2116, 34.31397 ], [ -99.189511, 34.214312 ], [ -99.131553, 34.209352 ], [ -99.0588, 34.201256 ], [ -99.002916, 34.208782 ], [ -98.952324887528192, 34.204669898603498 ], [ -98.953088, 33.834 ], [ -99.47565, 33.834005 ], [ -99.475294, 34.085618 ] ] ] } },
{ "type": "Feature", "properties": { "statefp": "48", "countyfp": "141", "countyns": "01383855", "affgeoid": "0500000US48141", "geoid": "48141", "name": "El Paso", "lsad": "06", "aland": "2624144579", "awater": "5443740" }, "geometry": { "type": "Polygon", "coordinates": [ [ [ -106.623445, 31.914034 ], [ -106.630114, 31.971258 ], [ -106.618486, 32.000495 ], [ -106.377173188246999, 32.001240101037496 ], [ -106.200699, 32.001785 ], [ -105.997971151664004, 32.001974590699 ], [ -105.994756, 31.679688 ], [ -105.993255, 31.478392 ], [ -105.954328, 31.423468 ], [ -105.996429378287004, 31.387840129512597 ], [ -106.004926, 31.392458 ], [ -106.080258, 31.398702 ], [ -106.175675, 31.456279 ], [ -106.236804, 31.513376 ], [ -106.280811, 31.562062 ], [ -106.303536, 31.620413 ], [ -106.352610998498008, 31.686946416503602 ], [ -106.370139, 31.71071 ], [ -106.41794, 31.752009 ], [ -106.467642, 31.759608 ], [ -106.484642, 31.747809 ], [ -106.528242, 31.783148 ], [ -106.581344, 31.813906 ], [ -106.63588, 31.871514 ], [ -106.623445, 31.914034 ] ] ] } },
{ "type": "Feature", "properties": { "statefp": "48", "countyfp": "309", "countyns": "01383946", "affgeoid": "0500000US48309", "geoid": "48309", "name": "McLennan", "lsad": "06", "aland": "2686101576", "awater": "59883892" }, "geometry": { "type": "Polygon", "coordinates": [ [ [ -97.60523, 31.587762 ], [ -97.277265, 31.745492 ], [ -97.037266, 31.863079 ], [ -96.932215, 31.708887 ], [ -96.801123, 31.522269 ], [ -97.278113, 31.279799 ], [ -97.343426, 31.244215 ], [ -97.418606, 31.320202 ], [ -97.60523, 31.587762 ] ] ] } },
{ "type": "Feature", "properties": { "statefp": "48", "countyfp": "259", "countyns": "01383915", "affgeoid": "0500000US48259", "geoid": "48259", "name": "Kendall", "lsad": "06", "aland": "1715747530", "awater": "1496797" }, "geometry": { "type": "Polygon", "coordinates": [ [ [ -98.920147, 30.13829 ], [ -98.587897, 30.138954 ], [ -98.414018, 29.937557 ], [ -98.646124, 29.745181 ], [ -98.738381, 29.716543 ], [ -98.778782, 29.720167 ], [ -98.917725, 29.781398 ], [ -98.920147, 30.13829 ] ] ] } },
{ "type": "Feature", "properties": { "statefp": "48", "countyfp": "473", "countyns": "01384022", "affgeoid": "0500000US48473", "geoid": "48473", "name": "Waller", "lsad": "06", "aland": "1329535289", "awater": "11622560" }, "geometry": { "type": "Polygon", "coordinates": [ [ [ -96.15901, 30.206613 ], [ -96.093165, 30.225187 ], [ -96.069319, 30.229964 ], [ -95.804306, 30.24557 ], [ -95.80333, 30.090096 ], [ -95.844741, 30.088914 ], [ -95.960733, 30.163415 ], [ -95.82622, 29.78828 ], [ -95.97094, 29.728554 ], [ -96.032711, 29.727944 ], [ -96.049234, 29.803187 ], [ -96.121405, 29.836652 ], [ -96.13165, 29.937504 ], [ -96.084541, 30.005137 ], [ -96.146052, 30.070224 ], [ -96.191782, 30.13842 ], [ -96.15901, 30.206613 ] ] ] } },
{ "type": "Feature", "properties": { "statefp": "48", "countyfp": "009", "countyns": "01383790", "affgeoid": "0500000US48009", "geoid": "48009", "name": "Archer", "lsad": "06", "aland": "2339055662", "awater": "57765519" }, "geometry": { "type": "Polygon", "coordinates": [ [ [ -98.953088, 33.834 ], [ -98.423577, 33.836047 ], [ -98.421419, 33.466797 ], [ -98.420666, 33.396195 ], [ -98.953938, 33.397534 ], [ -98.953088, 33.834 ] ] ] } },
{ "type": "Feature", "properties": { "statefp": "48", "countyfp": "503", "countyns": "01384037", "affgeoid": "0500000US48503", "geoid": "48503", "name": "Young", "lsad": "06", "aland": "2368463881", "awater": "42447713" }, "geometry": { "type": "Polygon", "coordinates": [ [ [ -98.953938, 33.397534 ], [ -98.420666, 33.396195 ], [ -98.426553, 33.007913 ], [ -98.427211, 32.9523 ], [ -98.575616, 32.954349 ], [ -98.950875, 32.956918 ], [ -98.953938, 33.397534 ] ] ] } },
{ "type": "Feature", "properties": { "statefp": "48", "countyfp": "441", "countyns": "01384006", "affgeoid": "0500000US48441", "geoid": "48441", "name": "Taylor", "lsad": "06", "aland": "2371267408", "awater": "9721167" }, "geometry": { "type": "Polygon", "coordinates": [ [ [ -100.146543, 32.522793 ], [ -99.656569, 32.52064 ], [ -99.629579, 32.514657 ], [ -99.631413, 32.081274 ], [ -99.713971, 32.082089 ], [ -100.151911, 32.082638 ], [ -100.146543, 32.522793 ] ] ] } },
{ "type": "Feature", "properties": { "statefp": "48", "countyfp": "049", "countyns": "01383810", "affgeoid": "0500000US48049", "geoid": "48049", "name": "Brown", "lsad": "06", "aland": "2446084213", "awater": "32411546" }, "geometry": { "type": "Polygon", "coordinates": [ [ [ -99.195871, 32.079235 ], [ -99.118665, 32.079585 ], [ -98.924401, 32.078018 ], [ -98.668441, 31.700514 ], [ -98.760057, 31.687896 ], [ -98.779951, 31.610735 ], [ -98.991608, 31.484071 ], [ -99.041741, 31.490302 ], [ -99.090622, 31.460927 ], [ -99.098794, 31.44847 ], [ -99.202768, 31.467234 ], [ -99.195871, 32.079235 ] ] ] } },
{ "type": "Feature", "properties": { "statefp": "48", "countyfp": "457", "countyns": "01384014", "affgeoid": "0500000US48457", "geoid": "48457", "name": "Tyler", "lsad": "06", "aland": "2394430926", "awater": "28821288" }, "geometry": { "type": "Polygon", "coordinates": [ [ [ -94.561943, 31.058952 ], [ -94.477026, 31.027741 ], [ -94.457816, 31.033325 ], [ -94.45327, 31.006237 ], [ -94.353782, 31.039371 ], [ -94.238424, 31.013705 ], [ -94.244888, 30.968174 ], [ -94.200441, 30.929256 ], [ -94.215213, 30.9004 ], [ -94.179343, 30.794974 ], [ -94.150119, 30.790203 ], [ -94.125824, 30.684052 ], [ -94.089369, 30.686978 ], [ -94.05096, 30.638568 ], [ -94.094812, 30.575543 ], [ -94.071689, 30.526033 ], [ -94.545717, 30.526977 ], [ -94.657992, 31.012007 ], [ -94.561943, 31.058952 ] ] ] } },
{ "type": "Feature", "properties": { "statefp": "48", "countyfp": "189", "countyns": "01383880", "affgeoid": "0500000US48189", "geoid": "48189", "name": "Hale", "lsad": "06", "aland": "2602109431", "awater": "246678" }, "geometry": { "type": "Polygon", "coordinates": [ [ [ -102.090415, 34.313132 ], [ -101.99802, 34.313039 ], [ -101.564856, 34.312493 ], [ -101.564563, 34.074228 ], [ -101.56358, 33.830451 ], [ -102.085733, 33.824675 ], [ -102.090415, 34.313132 ] ] ] } },
{ "type": "Feature", "properties": { "statefp": "48", "countyfp": "447", "countyns": "01384009", "affgeoid": "0500000US48447", "geoid": "48447", "name": "Throckmorton", "lsad": "06", "aland": "2363499442", "awater": "7586186" }, "geometry": { "type": "Polygon", "coordinates": [ [ [ -99.472444, 33.399023 ], [ -98.953938, 33.397534 ], [ -98.950875, 32.956918 ], [ -99.096016, 32.957037 ], [ -99.471258, 32.957025 ], [ -99.472444, 33.399023 ] ] ] } },
{ "type": "Feature", "properties": { "statefp": "48", "countyfp": "101", "countyns": "01383836", "affgeoid": "0500000US48101", "geoid": "48101", "name": "Cottle", "lsad": "06", "aland": "2332448739", "awater": "2723996" }, "geometry": { "type": "Polygon", "coordinates": [ [ [ -100.51734, 34.314102 ], [ -100.417783, 34.313524 ], [ -99.99772, 34.311829 ], [ -99.997621, 34.224355 ], [ -100.037319, 34.238778 ], [ -100.047028, 34.22978 ], [ -100.04848, 33.835974 ], [ -100.518691, 33.83565 ], [ -100.51734, 34.314102 ] ] ] } },
{ "type": "Feature", "properties": { "statefp": "48", "countyfp": "125", "countyns": "01383848", "affgeoid": "0500000US48125", "geoid": "48125", "name": "Dickens", "lsad": "06", "aland": "2335454690", "awater": "9057848" }, "geometry": { "type": "Polygon", "coordinates": [ [ [ -101.041158, 33.833625 ], [ -100.518691, 33.83565 ], [ -100.517449, 33.397866 ], [ -101.038788, 33.397214 ], [ -101.041158, 33.833625 ] ] ] } },
{ "type": "Feature", "properties": { "statefp": "48", "countyfp": "479", "countyns": "01384025", "affgeoid": "0500000US48479", "geoid": "48479", "name": "Webb", "lsad": "06", "aland": "8706186700", "awater": "36555096" }, "geometry": { "type": "Polygon", "coordinates": [ [ [ -100.197510055500999, 28.197000731139898 ], [ -100.113719, 28.197819 ], [ -99.394177, 28.204627 ], [ -99.393972, 28.197495 ], [ -99.388946, 28.030419 ], [ -98.803325, 28.05748 ], [ -98.798323, 27.354029 ], [ -98.798087, 27.268012 ], [ -98.954669, 27.269397 ], [ -99.33361, 27.273223 ], [ -99.370621, 27.319174 ], [ -99.460825799134298, 27.2622401970428 ], [ -99.463309, 27.268437 ], [ -99.487937, 27.294941 ], [ -99.529654, 27.306051 ], [ -99.487521, 27.412396 ], [ -99.495104, 27.451518 ], [ -99.497519, 27.500496 ], [ -99.52832, 27.498896 ], [ -99.530138, 27.580207 ], [ -99.556812, 27.614336 ], [ -99.624515, 27.634515 ], [ -99.704601, 27.654954 ], [ -99.758534, 27.717071 ], [ -99.801651, 27.741771 ], [ -99.844737, 27.778809 ], [ -99.87784, 27.824376 ], [ -99.904385, 27.875284 ], [ -99.917461, 27.917973 ], [ -99.932161, 27.96771 ], [ -99.984923, 27.990729 ], [ -100.028725, 28.073118 ], [ -100.075474, 28.124882 ], [ -100.174413, 28.179448 ], [ -100.197510055500999, 28.197000731139898 ] ] ] } },
{ "type": "Feature", "properties": { "statefp": "48", "countyfp": "481", "countyns": "01384026", "affgeoid": "0500000US48481", "geoid": "48481", "name": "Wharton", "lsad": "06", "aland": "2813116790", "awater": "21288266" }, "geometry": { "type": "Polygon", "coordinates": [ [ [ -96.349217, 29.406052 ], [ -96.307672, 29.514523 ], [ -96.175422, 29.633806 ], [ -96.10965, 29.622524 ], [ -96.088912, 29.601658 ], [ -96.044596, 29.562238 ], [ -96.059627, 29.473329 ], [ -95.97343, 29.411445 ], [ -95.94681, 29.333433 ], [ -95.847656, 29.26259 ], [ -95.874028, 29.229702 ], [ -95.965196, 29.146865 ], [ -96.309178, 28.963291 ], [ -96.640315, 29.247804 ], [ -96.349217, 29.406052 ] ] ] } },
{ "type": "Feature", "properties": { "statefp": "48", "countyfp": "329", "countyns": "01383950", "affgeoid": "0500000US48329", "geoid": "48329", "name": "Midland", "lsad": "06", "aland": "2331647582", "awater": "4520751" }, "geometry": { "type": "Polygon", "coordinates": [ [ [ -102.287048, 32.086991 ], [ -102.211249, 32.0868 ], [ -101.776085, 32.086925 ], [ -101.775802, 31.651319 ], [ -102.287345, 31.651276 ], [ -102.287048, 32.086991 ] ] ] } },
{ "type": "Feature", "properties": { "statefp": "48", "countyfp": "435", "countyns": "01384003", "affgeoid": "0500000US48435", "geoid": "48435", "name": "Sutton", "lsad": "06", "aland": "3765674653", "awater": "1277066" }, "geometry": { "type": "Polygon", "coordinates": [ [ [ -100.960587, 30.706071 ], [ -100.116234, 30.710366 ], [ -100.116461, 30.290296 ], [ -100.700393, 30.288276 ], [ -100.960643, 30.287776 ], [ -100.960587, 30.706071 ] ] ] } },
{ "type": "Feature", "properties": { "statefp": "48", "countyfp": "013", "countyns": "01383792", "affgeoid": "0500000US48013", "geoid": "48013", "name": "Atascosa", "lsad": "06", "aland": "3158596670", "awater": "4995711" }, "geometry": { "type": "Polygon", "coordinates": [ [ [ -98.804763, 29.250693 ], [ -98.441548, 29.126127 ], [ -98.407336, 29.114435 ], [ -98.190991, 28.882333 ], [ -98.098315, 28.786949 ], [ -98.335031, 28.612658 ], [ -98.335047, 28.648275 ], [ -98.800848, 28.647306 ], [ -98.800841, 28.647487 ], [ -98.8049, 29.090434 ], [ -98.804763, 29.250693 ] ] ] } },
{ "type": "Feature", "properties": { "statefp": "48", "countyfp": "341", "countyns": "01383956", "affgeoid": "0500000US48341", "geoid": "48341", "name": "Moore", "lsad": "06", "aland": "2330188755", "awater": "25718180" }, "geometry": { "type": "Polygon", "coordinates": [ [ [ -102.163015, 36.055249 ], [ -101.623466, 36.055405 ], [ -101.622831, 35.624057 ], [ -101.6228, 35.620196 ], [ -102.162752, 35.620035 ], [ -102.162809, 35.627515 ], [ -102.163015, 36.055249 ] ] ] } },
{ "type": "Feature", "properties": { "statefp": "48", "countyfp": "107", "countyns": "01383839", "affgeoid": "0500000US48107", "geoid": "48107", "name": "Crosby", "lsad": "06", "aland": "2331503437", "awater": "3873557" }, "geometry": { "type": "Polygon", "coordinates": [ [ [ -101.56358, 33.830451 ], [ -101.041158, 33.833625 ], [ -101.038788, 33.397214 ], [ -101.556884, 33.39476 ], [ -101.56358, 33.830451 ] ] ] } },
{ "type": "Feature", "properties": { "statefp": "48", "countyfp": "331", "countyns": "01383951", "affgeoid": "0500000US48331", "geoid": "48331", "name": "Milam", "lsad": "06", "aland": "2633798194", "awater": "12758799" }, "geometry": { "type": "Polygon", "coordinates": [ [ [ -97.315507, 30.752371 ], [ -97.259082, 30.889596 ], [ -97.070188, 30.98622 ], [ -96.849079, 31.100471 ], [ -96.829121, 31.105871 ], [ -96.793139, 31.065718 ], [ -96.75633, 30.927206 ], [ -96.68497, 30.906191 ], [ -96.694853, 30.864517 ], [ -96.611097, 30.757354 ], [ -96.621281, 30.730819 ], [ -96.963629, 30.557169 ], [ -97.155219, 30.457344 ], [ -97.271418, 30.735692 ], [ -97.315507, 30.752371 ] ] ] } },
{ "type": "Feature", "properties": { "statefp": "48", "countyfp": "373", "countyns": "01383972", "affgeoid": "0500000US48373", "geoid": "48373", "name": "Polk", "lsad": "06", "aland": "2737733230", "awater": "136271619" }, "geometry": { "type": "Polygon", "coordinates": [ [ [ -95.20018, 30.824566 ], [ -94.939127, 31.042048 ], [ -94.842947, 31.146578 ], [ -94.738594, 31.10369 ], [ -94.573675, 31.068432 ], [ -94.561943, 31.058952 ], [ -94.657992, 31.012007 ], [ -94.545717, 30.526977 ], [ -94.537926, 30.491059 ], [ -94.732732, 30.490066 ], [ -94.777341, 30.489002 ], [ -94.849414, 30.493553 ], [ -94.829984, 30.541112 ], [ -94.965729, 30.576586 ], [ -95.054602, 30.680173 ], [ -95.135384, 30.693816 ], [ -95.131205, 30.781703 ], [ -95.20018, 30.824566 ] ] ] } },
{ "type": "Feature", "properties": { "statefp": "48", "countyfp": "423", "countyns": "01383997", "affgeoid": "0500000US48423", "geoid": "48423", "name": "Smith", "lsad": "06", "aland": "2386701635", "awater": "73066272" }, "geometry": { "type": "Polygon", "coordinates": [ [ [ -95.594541, 32.687026 ], [ -95.469093, 32.605642 ], [ -95.413061, 32.607111 ], [ -95.332164, 32.604252 ], [ -95.164973, 32.544583 ], [ -95.15341, 32.570115 ], [ -95.009992, 32.516478 ], [ -94.986935, 32.537246 ], [ -94.985411, 32.37082 ], [ -94.985272, 32.137989 ], [ -95.459908, 32.135559 ], [ -95.478585, 32.147224 ], [ -95.488733, 32.232486 ], [ -95.449165, 32.355233 ], [ -95.5943, 32.479858 ], [ -95.594541, 32.687026 ] ] ] } },
{ "type": "Feature", "properties": { "statefp": "48", "countyfp": "231", "countyns": "01383901", "affgeoid": "0500000US48231", "geoid": "48231", "name": "Hunt", "lsad": "06", "aland": "2176470753", "awater": "107957790" }, "geometry": { "type": "Polygon", "coordinates": [ [ [ -96.297227, 32.981752 ], [ -96.295413, 33.351936 ], [ -95.858723, 33.40953 ], [ -95.861778, 33.21933 ], [ -95.862521, 32.979571 ], [ -95.9453, 32.979877 ], [ -95.987259, 32.876415 ], [ -95.934433, 32.837217 ], [ -96.076801, 32.838489 ], [ -96.297322, 32.841723 ], [ -96.297227, 32.981752 ] ] ] } },
{ "type": "Feature", "properties": { "statefp": "48", "countyfp": "121", "countyns": "01383847", "affgeoid": "0500000US48121", "geoid": "48121", "name": "Denton", "lsad": "06", "aland": "2275424546", "awater": "192588409" }, "geometry": { "type": "Polygon", "coordinates": [ [ [ -97.39267, 33.183509 ], [ -97.383095, 33.43045 ], [ -96.94386, 33.41641 ], [ -96.85369, 33.413613 ], [ -96.83411, 33.405498 ], [ -96.837795, 33.262835 ], [ -96.841849, 33.086456 ], [ -96.843979, 32.987554 ], [ -96.958665, 32.989013 ], [ -96.980069, 32.989203 ], [ -96.990214, 32.989287 ], [ -97.032287, 32.989324 ], [ -97.180907, 32.989813 ], [ -97.356048, 32.990197 ], [ -97.39848, 32.990839 ], [ -97.39267, 33.183509 ] ] ] } },
{ "type": "Feature", "properties": { "statefp": "48", "countyfp": "267", "countyns": "01383919", "affgeoid": "0500000US48267", "geoid": "48267", "name": "Kimble", "lsad": "06", "aland": "3240036002", "awater": "493584" }, "geometry": { "type": "Polygon", "coordinates": [ [ [ -100.116234, 30.710366 ], [ -99.483869, 30.710771 ], [ -99.484493, 30.499641 ], [ -99.303996, 30.499832 ], [ -99.301718, 30.286653 ], [ -99.754142, 30.290698 ], [ -100.116461, 30.290296 ], [ -100.116234, 30.710366 ] ] ] } },
{ "type": "Feature", "properties": { "statefp": "48", "countyfp": "371", "countyns": "01383971", "affgeoid": "0500000US48371", "geoid": "48371", "name": "Pecos", "lsad": "06", "aland": "12338274939", "awater": "2532275" }, "geometry": { "type": "Polygon", "coordinates": [ [ [ -103.585084, 30.76647 ], [ -103.01104, 31.371306 ], [ -102.933578, 31.350081 ], [ -102.826735, 31.266881 ], [ -102.767365, 31.293803 ], [ -102.676104, 31.330084 ], [ -102.600677, 31.267097 ], [ -102.523063, 31.262698 ], [ -102.429545, 31.193557 ], [ -102.388804, 31.087156 ], [ -102.292681, 31.036677 ], [ -102.202032, 31.031026 ], [ -102.191731, 31.003788 ], [ -101.98364, 30.98717 ], [ -101.883436, 30.925647 ], [ -101.80742, 30.699504 ], [ -101.76842, 30.653077 ], [ -101.768377, 30.652938 ], [ -101.769353, 30.653369 ], [ -101.997614, 30.654086 ], [ -102.000408, 30.654933 ], [ -102.031813, 30.655503 ], [ -102.032467, 30.655385 ], [ -102.033231, 30.655496 ], [ -102.034002, 30.655433 ], [ -102.034385, 30.655268 ], [ -102.137778, 30.655982 ], [ -102.138406, 30.597521 ], [ -102.342986, 30.598759 ], [ -102.343085, 30.284116 ], [ -102.566937, 30.283269 ], [ -102.567049, 30.052808 ], [ -103.439976, 30.665939 ], [ -103.585084, 30.76647 ] ] ] } },
{ "type": "Feature", "properties": { "statefp": "48", "countyfp": "491", "countyns": "01384031", "affgeoid": "0500000US48491", "geoid": "48491", "name": "Williamson", "lsad": "06", "aland": "2896480321", "awater": "41629535" }, "geometry": { "type": "Polygon", "coordinates": [ [ [ -97.96286, 30.785641 ], [ -97.828512, 30.906188 ], [ -97.62491, 30.870334 ], [ -97.315507, 30.752371 ], [ -97.271418, 30.735692 ], [ -97.155219, 30.457344 ], [ -97.334463, 30.402843 ], [ -97.369539, 30.419563 ], [ -97.596236, 30.501513 ], [ -97.773458, 30.430654 ], [ -97.848384, 30.472662 ], [ -97.857505, 30.50161 ], [ -97.956734, 30.628249 ], [ -98.049886, 30.624155 ], [ -97.96286, 30.785641 ] ] ] } },
{ "type": "Feature", "properties": { "statefp": "48", "countyfp": "191", "countyns": "01383881", "affgeoid": "0500000US48191", "geoid": "48191", "name": "Hall", "lsad": "06", "aland": "2288233624", "awater": "53366404" }, "geometry": { "type": "Polygon", "coordinates": [ [ [ -100.944939, 34.748281 ], [ -100.540703, 34.747723 ], [ -100.415895, 34.747525 ], [ -100.417783, 34.313524 ], [ -100.51734, 34.314102 ], [ -100.946132, 34.312759 ], [ -100.944939, 34.748281 ] ] ] } },
{ "type": "Feature", "properties": { "statefp": "48", "countyfp": "169", "countyns": "01383870", "affgeoid": "0500000US48169", "geoid": "48169", "name": "Garza", "lsad": "06", "aland": "2313930840", "awater": "7215530" }, "geometry": { "type": "Polygon", "coordinates": [ [ [ -101.556884, 33.39476 ], [ -101.038788, 33.397214 ], [ -101.03866, 32.970225 ], [ -101.173378, 32.963597 ], [ -101.557434, 32.961025 ], [ -101.556884, 33.39476 ] ] ] } },
{ "type": "Feature", "properties": { "statefp": "48", "countyfp": "465", "countyns": "01384018", "affgeoid": "0500000US48465", "geoid": "48465", "name": "Val Verde", "lsad": "06", "aland": "8144863674", "awater": "227711349" }, "geometry": { "type": "Polygon", "coordinates": [ [ [ -101.7584, 30.288044 ], [ -100.960643, 30.287776 ], [ -100.700393, 30.288276 ], [ -100.699932, 29.623897 ], [ -100.699141, 29.419747 ], [ -100.757822, 29.238325 ], [ -100.801867546029001, 29.232831568098 ], [ -100.848664, 29.271421 ], [ -100.886842, 29.307848 ], [ -100.995607, 29.363403 ], [ -101.060151, 29.458661 ], [ -101.137503, 29.473542 ], [ -101.19272, 29.520285 ], [ -101.254895, 29.520342 ], [ -101.305533, 29.577925 ], [ -101.307332, 29.640716 ], [ -101.367198, 29.664041 ], [ -101.400636, 29.738079 ], [ -101.453499, 29.759671 ], [ -101.503223, 29.764582 ], [ -101.561569, 29.794658 ], [ -101.654578, 29.765163 ], [ -101.714224, 29.76766 ], [ -101.761619209528007, 29.778860096722195 ], [ -101.7584, 30.288044 ] ] ] } },
{ "type": "Feature", "properties": { "statefp": "48", "countyfp": "243", "countyns": "01383907", "affgeoid": "0500000US48243", "geoid": "48243", "name": "Jeff Davis", "lsad": "06", "aland": "5865172197", "awater": "206206" }, "geometry": { "type": "Polygon", "coordinates": [ [ [ -104.917163, 30.663626 ], [ -104.102351, 31.105203 ], [ -103.585084, 30.76647 ], [ -103.439976, 30.665939 ], [ -103.80068, 30.412527 ], [ -103.90101, 30.41219 ], [ -104.980753891325008, 30.628812018788299 ], [ -104.917163, 30.663626 ] ] ] } },
{ "type": "Feature", "properties": { "statefp": "48", "countyfp": "315", "countyns": "01383940", "affgeoid": "0500000US48315", "geoid": "48315", "name": "Marion", "lsad": "06", "aland": "986503062", "awater": "102126745" }, "geometry": { "type": "Polygon", "coordinates": [ [ [ -94.705878, 32.879177 ], [ -94.653994, 32.879506 ], [ -94.043002621563318, 32.881088978923998 ], [ -94.043026, 32.797476 ], [ -94.043051527617592, 32.693029976665599 ], [ -94.092738, 32.734269 ], [ -94.176401, 32.694694 ], [ -94.242809, 32.75073 ], [ -94.390783, 32.694377 ], [ -94.507323, 32.693738 ], [ -94.70214, 32.793088 ], [ -94.672351, 32.834756 ], [ -94.705878, 32.879177 ] ] ] } },
{ "type": "Feature", "properties": { "statefp": "48", "countyfp": "333", "countyns": "01383952", "affgeoid": "0500000US48333", "geoid": "48333", "name": "Mills", "lsad": "06", "aland": "1937867082", "awater": "4022957" }, "geometry": { "type": "Polygon", "coordinates": [ [ [ -98.991608, 31.484071 ], [ -98.779951, 31.610735 ], [ -98.760057, 31.687896 ], [ -98.668441, 31.700514 ], [ -98.492802, 31.723608 ], [ -98.463736, 31.683989 ], [ -98.27107, 31.416398 ], [ -98.281557, 31.401451 ], [ -98.562739, 31.230582 ], [ -98.626926, 31.281182 ], [ -98.587268, 31.325463 ], [ -98.643921, 31.31407 ], [ -98.65456, 31.370022 ], [ -98.713131, 31.34883 ], [ -98.696634, 31.407287 ], [ -98.7244, 31.427174 ], [ -98.854292, 31.413425 ], [ -98.8725, 31.444299 ], [ -98.933188, 31.436928 ], [ -98.991608, 31.484071 ] ] ] } },
{ "type": "Feature", "properties": { "statefp": "48", "countyfp": "197", "countyns": "01383884", "affgeoid": "0500000US48197", "geoid": "48197", "name": "Hardeman", "lsad": "06", "aland": "1800337387", "awater": "4548860" }, "geometry": { "type": "Polygon", "coordinates": [ [ [ -99.997629328163001, 34.561136624560099 ], [ -99.929334, 34.576714 ], [ -99.842063884146398, 34.506932768881398 ], [ -99.818186, 34.48784 ], [ -99.764882, 34.435266 ], [ -99.696462, 34.381036 ], [ -99.600026, 34.374688 ], [ -99.58448, 34.407673 ], [ -99.475022137038394, 34.3968709897905 ], [ -99.475294, 34.085618 ], [ -99.5485, 34.055774 ], [ -99.65301, 34.098971 ], [ -99.772043, 34.093286 ], [ -99.997621, 34.224355 ], [ -99.99772, 34.311829 ], [ -99.997629328163001, 34.561136624560099 ] ] ] } },
{ "type": "Feature", "properties": { "statefp": "48", "countyfp": "317", "countyns": "01383941", "affgeoid": "0500000US48317", "geoid": "48317", "name": "Martin", "lsad": "06", "aland": "2369724595", "awater": "1931832" }, "geometry": { "type": "Polygon", "coordinates": [ [ [ -102.211037, 32.523244 ], [ -102.202703, 32.523271 ], [ -101.68874, 32.525222 ], [ -101.695011, 32.087532 ], [ -101.776085, 32.086925 ], [ -102.211249, 32.0868 ], [ -102.211037, 32.523244 ] ] ] } },
{ "type": "Feature", "properties": { "statefp": "48", "countyfp": "415", "countyns": "01383993", "affgeoid": "0500000US48415", "geoid": "48415", "name": "Scurry", "lsad": "06", "aland": "2345090489", "awater": "5436958" }, "geometry": { "type": "Polygon", "coordinates": [ [ [ -101.173378, 32.963597 ], [ -101.03866, 32.970225 ], [ -100.990181, 32.965023 ], [ -100.65587, 32.963469 ], [ -100.660626, 32.525312 ], [ -101.174562, 32.527703 ], [ -101.173378, 32.963597 ] ] ] } },
{ "type": "Feature", "properties": { "statefp": "48", "countyfp": "117", "countyns": "01383845", "affgeoid": "0500000US48117", "geoid": "48117", "name": "Deaf Smith", "lsad": "06", "aland": "3876750570", "awater": "3926557" }, "geometry": { "type": "Polygon", "coordinates": [ [ [ -103.042738818608015, 34.954142040361397 ], [ -103.042711, 35.144735 ], [ -103.042617950565003, 35.183157259008404 ], [ -102.167471, 35.183233 ], [ -102.168839, 34.747417 ], [ -102.525184, 34.746931 ], [ -103.042769, 34.747361 ], [ -103.042738818608015, 34.954142040361397 ] ] ] } },
{ "type": "Feature", "properties": { "statefp": "48", "countyfp": "001", "countyns": "01383786", "affgeoid": "0500000US48001", "geoid": "48001", "name": "Anderson", "lsad": "06", "aland": "2752129268", "awater": "39880658" }, "geometry": { "type": "Polygon", "coordinates": [ [ [ -96.052786, 32.005895 ], [ -95.428512, 32.084475 ], [ -95.446449, 31.998517 ], [ -95.423832, 31.932009 ], [ -95.446747, 31.843116 ], [ -95.412908, 31.835157 ], [ -95.396531, 31.765266 ], [ -95.275849, 31.657229 ], [ -95.258859, 31.609959 ], [ -95.273203, 31.592886 ], [ -95.651764, 31.541791 ], [ -95.739279, 31.504056 ], [ -95.710112, 31.615587 ], [ -95.735681, 31.653822 ], [ -95.7873, 31.618385 ], [ -95.794081, 31.66031 ], [ -95.861262, 31.687451 ], [ -95.875937, 31.755503 ], [ -95.980568, 31.784561 ], [ -96.022491, 31.957549 ], [ -96.062172, 31.95634 ], [ -96.052786, 32.005895 ] ] ] } },
{ "type": "Feature", "properties": { "statefp": "48", "countyfp": "037", "countyns": "01383804", "affgeoid": "0500000US48037", "geoid": "48037", "name": "Bowie", "lsad": "06", "aland": "2292153750", "awater": "98319961" }, "geometry": { "type": "Polygon", "coordinates": [ [ [ -94.746096, 33.700375 ], [ -94.731932901995904, 33.720830516280301 ], [ -94.714865, 33.707261 ], [ -94.630586, 33.673401 ], [ -94.572872, 33.669886 ], [ -94.528928, 33.62184 ], [ -94.485875, 33.637867 ], [ -94.419057, 33.577217 ], [ -94.388052, 33.565511 ], [ -94.354165, 33.556452 ], [ -94.338422, 33.567082 ], [ -94.303742, 33.564486 ], [ -94.238868, 33.576722 ], [ -94.213605, 33.570622 ], [ -94.183395, 33.592212 ], [ -94.143024, 33.577725 ], [ -94.07267, 33.572234 ], [ -94.043833747801088, 33.551713735585601 ], [ -94.043428, 33.551425 ], [ -94.042988, 33.435824 ], [ -94.043067, 33.330498 ], [ -94.042945847176, 33.271242084139807 ], [ -94.218517, 33.296936 ], [ -94.231333, 33.241073 ], [ -94.379409, 33.255651 ], [ -94.415739, 33.284017 ], [ -94.517868, 33.282096 ], [ -94.572463, 33.249826 ], [ -94.65226, 33.268861 ], [ -94.692262, 33.312405 ], [ -94.746925, 33.328938 ], [ -94.746096, 33.700375 ] ] ] } },
{ "type": "Feature", "properties": { "statefp": "48", "countyfp": "453", "countyns": "01384012", "affgeoid": "0500000US48453", "geoid": "48453", "name": "Travis", "lsad": "06", "aland": "2569073026", "awater": "80592292" }, "geometry": { "type": "Polygon", "coordinates": [ [ [ -98.125556, 30.426186 ], [ -98.12342, 30.486482 ], [ -98.049886, 30.624155 ], [ -97.956734, 30.628249 ], [ -97.857505, 30.50161 ], [ -97.848384, 30.472662 ], [ -97.773458, 30.430654 ], [ -97.596236, 30.501513 ], [ -97.369539, 30.419563 ], [ -97.400089, 30.367906 ], [ -97.491254, 30.21211 ], [ -97.49135, 30.21193 ], [ -97.64937, 30.067944 ], [ -97.665761, 30.063862 ], [ -97.710215, 30.024499 ], [ -97.781369, 30.07567 ], [ -97.813018, 30.098613 ], [ -97.857161, 30.131196 ], [ -97.857222, 30.13124 ], [ -98.172977, 30.356312 ], [ -98.125556, 30.426186 ] ] ] } },
{ "type": "Feature", "properties": { "statefp": "48", "countyfp": "365", "countyns": "01383968", "affgeoid": "0500000US48365", "geoid": "48365", "name": "Panola", "lsad": "06", "aland": "2101400666", "awater": "25810622" }, "geometry": { "type": "Polygon", "coordinates": [ [ [ -94.5805, 32.201363 ], [ -94.530714, 32.271842 ], [ -94.491818, 32.394137 ], [ -94.385839, 32.3672 ], [ -94.350303, 32.326614 ], [ -94.042788232805322, 32.392283193281202 ], [ -94.042739, 32.363559 ], [ -94.042695923740098, 32.196004974824902 ], [ -94.042681, 32.137956 ], [ -94.041833, 31.992402 ], [ -94.029428406596011, 31.979686964168003 ], [ -94.511431, 31.973984 ], [ -94.599978, 31.973193 ], [ -94.5805, 32.201363 ] ] ] } },
{ "type": "Feature", "properties": { "statefp": "48", "countyfp": "499", "countyns": "01384035", "affgeoid": "0500000US48499", "geoid": "48499", "name": "Wood", "lsad": "06", "aland": "1671154351", "awater": "130748983" }, "geometry": { "type": "Polygon", "coordinates": [ [ [ -95.665389, 32.960434 ], [ -95.308957, 32.962572 ], [ -95.231193, 32.962196 ], [ -95.172947, 32.961829 ], [ -95.152206, 33.01345 ], [ -95.15211, 32.902641 ], [ -95.15274, 32.660949 ], [ -95.15341, 32.570115 ], [ -95.164973, 32.544583 ], [ -95.332164, 32.604252 ], [ -95.413061, 32.607111 ], [ -95.469093, 32.605642 ], [ -95.594541, 32.687026 ], [ -95.635017, 32.72038 ], [ -95.665389, 32.960434 ] ] ] } },
{ "type": "Feature", "properties": { "statefp": "48", "countyfp": "063", "countyns": "01383817", "affgeoid": "0500000US48063", "geoid": "48063", "name": "Camp", "lsad": "06", "aland": "507184763", "awater": "19186958" }, "geometry": { "type": "Polygon", "coordinates": [ [ [ -95.152206, 33.01345 ], [ -95.12613, 33.034581 ], [ -94.936129, 33.073833 ], [ -94.819828, 32.982886 ], [ -94.768855, 32.925834 ], [ -94.719942, 32.904502 ], [ -95.15211, 32.902641 ], [ -95.152206, 33.01345 ] ] ] } },
{ "type": "Feature", "properties": { "statefp": "48", "countyfp": "227", "countyns": "01383899", "affgeoid": "0500000US48227", "geoid": "48227", "name": "Howard", "lsad": "06", "aland": "2333039139", "awater": "8841781" }, "geometry": { "type": "Polygon", "coordinates": [ [ [ -101.68874, 32.525222 ], [ -101.174571, 32.524112 ], [ -101.183997, 32.087208 ], [ -101.264216, 32.087136 ], [ -101.695011, 32.087532 ], [ -101.68874, 32.525222 ] ] ] } },
{ "type": "Feature", "properties": { "statefp": "48", "countyfp": "109", "countyns": "01383840", "affgeoid": "0500000US48109", "geoid": "48109", "name": "Culberson", "lsad": "06", "aland": "9873439554", "awater": "556134" }, "geometry": { "type": "Polygon", "coordinates": [ [ [ -104.918356994280003, 32.000472073073503 ], [ -104.84774, 32.000464602835002 ], [ -104.643526, 32.000443 ], [ -104.024521, 32.00001 ], [ -104.102351, 31.105203 ], [ -104.917163, 30.663626 ], [ -104.916487, 30.821034 ], [ -104.91289, 31.62512 ], [ -104.918356994280003, 32.000472073073503 ] ] ] } },
{ "type": "Feature", "properties": { "statefp": "48", "countyfp": "469", "countyns": "01384020", "affgeoid": "0500000US48469", "geoid": "48469", "name": "Victoria", "lsad": "06", "aland": "2284644914", "awater": "17425945" }, "geometry": { "type": "Polygon", "coordinates": [ [ [ -97.305916, 28.864037 ], [ -96.976378, 29.104046 ], [ -96.938587, 29.063244 ], [ -96.832103, 29.021299 ], [ -96.792133, 28.918803 ], [ -96.711514, 28.851411 ], [ -96.643442, 28.712105 ], [ -96.659864, 28.701671 ], [ -96.665707, 28.705705 ], [ -96.722814, 28.669759 ], [ -96.853757, 28.635199 ], [ -96.930367, 28.586728 ], [ -96.890951, 28.507178 ], [ -96.9155, 28.485712 ], [ -97.048529, 28.549976 ], [ -97.160751, 28.553475 ], [ -97.182359, 28.610602 ], [ -97.158933, 28.776156 ], [ -97.202759, 28.853849 ], [ -97.305916, 28.864037 ] ] ] } },
{ "type": "Feature", "properties": { "statefp": "48", "countyfp": "351", "countyns": "01383961", "affgeoid": "0500000US48351", "geoid": "48351", "name": "Newton", "lsad": "06", "aland": "2418212543", "awater": "15672146" }, "geometry": { "type": "Polygon", "coordinates": [ [ [ -93.911126, 31.158071 ], [ -93.616168, 31.175252 ], [ -93.600603087362899, 31.1826249552688 ], [ -93.552497307502307, 31.184820023446797 ], [ -93.535097, 31.185614 ], [ -93.540278, 31.128868 ], [ -93.531219, 31.051678 ], [ -93.539526, 31.008498 ], [ -93.549841, 30.967118 ], [ -93.530936, 30.924534 ], [ -93.554575854345501, 30.877469501861096 ], [ -93.558617, 30.869424 ], [ -93.569303, 30.802969 ], [ -93.617688, 30.738479 ], [ -93.629904, 30.67994 ], [ -93.685121, 30.625201 ], [ -93.684329, 30.592586 ], [ -93.729195, 30.544842 ], [ -93.710117, 30.5064 ], [ -93.702665, 30.429947 ], [ -93.738540238226008, 30.4022636724808 ], [ -93.745333, 30.397022 ], [ -93.760328, 30.329924 ], [ -93.70719, 30.275513 ], [ -93.711062171300895, 30.243970715640298 ], [ -93.901452, 30.242672 ], [ -93.865711, 30.947218 ], [ -93.911126, 31.158071 ] ] ] } }
]
}
